ID, CT, Block, Trial, W, D, WR, A, time, error
1, Point, 0, 0, 48, 1, 1.5, 500, 1.13, 0
1, Point, 0, 0, 48, 1, 1.5, 200, 0.945999, 0
1, Point, 0, 0, 48, 1, 1.5, 350, 1.704, 1
1, Point, 0, 0, 48, 1, 1.5, 200, 0.858002, 0
1, Point, 0, 0, 48, 1, 1.5, 200, 1.069, 0
1, Point, 0, 0, 48, 1, 1.5, 500, 1.605, 0
1, Point, 0, 0, 48, 1, 1.5, 500, 1.457, 0
1, Point, 0, 0, 48, 1, 1.5, 350, 1.587, 0
1, Point, 0, 0, 48, 1, 1.5, 350, 1.352, 0
1, Point, 0, 1, 32, 1, 1.5, 350, 1.259, 0
1, Point, 0, 1, 32, 1, 1.5, 500, 1.409, 0
1, Point, 0, 1, 32, 1, 1.5, 500, 1.525, 0
1, Point, 0, 1, 32, 1, 1.5, 350, 1.303, 0
1, Point, 0, 1, 32, 1, 1.5, 200, 1.397, 0
1, Point, 0, 1, 32, 1, 1.5, 200, 1.05, 0
1, Point, 0, 1, 32, 1, 1.5, 500, 1.39, 0
1, Point, 0, 1, 32, 1, 1.5, 350, 1.424, 0
1, Point, 0, 1, 32, 1, 1.5, 200, 1.706, 0
1, Point, 0, 2, 48, 0.5, 1.5, 350, 1.14999, 0
1, Point, 0, 2, 48, 0.5, 1.5, 500, 1.235, 0
1, Point, 0, 2, 48, 0.5, 1.5, 500, 1.117, 0
1, Point, 0, 2, 48, 0.5, 1.5, 200, 1.264, 0
1, Point, 0, 2, 48, 0.5, 1.5, 350, 1.36, 0
1, Point, 0, 2, 48, 0.5, 1.5, 200, 1.045, 0
1, Point, 0, 2, 48, 0.5, 1.5, 350, 1.155, 0
1, Point, 0, 2, 48, 0.5, 1.5, 500, 1.318, 0
1, Point, 0, 2, 48, 0.5, 1.5, 200, 1.016, 0
1, Point, 0, 3, 32, 1, 2.5, 200, 1.404, 0
1, Point, 0, 3, 32, 1, 2.5, 350, 1.372, 0
1, Point, 0, 3, 32, 1, 2.5, 500, 2.022, 0
1, Point, 0, 3, 32, 1, 2.5, 500, 1.216, 0
1, Point, 0, 3, 32, 1, 2.5, 200, 1.69701, 0
1, Point, 0, 3, 32, 1, 2.5, 350, 1.24599, 0
1, Point, 0, 3, 32, 1, 2.5, 350, 1.904, 0
1, Point, 0, 3, 32, 1, 2.5, 500, 1.341, 0
1, Point, 0, 3, 32, 1, 2.5, 200, 1.326, 0
1, Point, 0, 4, 32, 0.5, 1.5, 350, 1.732, 0
1, Point, 0, 4, 32, 0.5, 1.5, 200, 1.147, 0
1, Point, 0, 4, 32, 0.5, 1.5, 500, 1.52299, 0
1, Point, 0, 4, 32, 0.5, 1.5, 200, 0.968002, 0
1, Point, 0, 4, 32, 0.5, 1.5, 350, 1.942, 0
1, Point, 0, 4, 32, 0.5, 1.5, 200, 1.05, 0
1, Point, 0, 4, 32, 0.5, 1.5, 350, 1.453, 0
1, Point, 0, 4, 32, 0.5, 1.5, 500, 1.572, 0
1, Point, 0, 4, 32, 0.5, 1.5, 500, 1.25401, 0
1, Point, 0, 5, 32, 0.5, 2.5, 350, 1.436, 0
1, Point, 0, 5, 32, 0.5, 2.5, 350, 1.239, 0
1, Point, 0, 5, 32, 0.5, 2.5, 500, 1.41299, 0
1, Point, 0, 5, 32, 0.5, 2.5, 500, 1.534, 0
1, Point, 0, 5, 32, 0.5, 2.5, 200, 1.063, 0
1, Point, 0, 5, 32, 0.5, 2.5, 200, 1.236, 0
1, Point, 0, 5, 32, 0.5, 2.5, 200, 1.286, 0
1, Point, 0, 5, 32, 0.5, 2.5, 350, 1.919, 0
1, Point, 0, 5, 32, 0.5, 2.5, 500, 2.462, 0
1, Point, 0, 6, 48, 1, 2.5, 200, 0.829994, 0
1, Point, 0, 6, 48, 1, 2.5, 500, 1.352, 0
1, Point, 0, 6, 48, 1, 2.5, 500, 0.990005, 0
1, Point, 0, 6, 48, 1, 2.5, 500, 1.27, 0
1, Point, 0, 6, 48, 1, 2.5, 350, 1.032, 0
1, Point, 0, 6, 48, 1, 2.5, 350, 0.990997, 0
1, Point, 0, 6, 48, 1, 2.5, 350, 1.23199, 0
1, Point, 0, 6, 48, 1, 2.5, 200, 0.908005, 0
1, Point, 0, 6, 48, 1, 2.5, 200, 0.929001, 0
1, Point, 0, 7, 48, 0.5, 2.5, 200, 0.843994, 0
1, Point, 0, 7, 48, 0.5, 2.5, 500, 0.963013, 0
1, Point, 0, 7, 48, 0.5, 2.5, 350, 0.894989, 0
1, Point, 0, 7, 48, 0.5, 2.5, 350, 0.960007, 0
1, Point, 0, 7, 48, 0.5, 2.5, 200, 1.032, 0
1, Point, 0, 7, 48, 0.5, 2.5, 500, 1.252, 0
1, Point, 0, 7, 48, 0.5, 2.5, 200, 1.586, 0
1, Point, 0, 7, 48, 0.5, 2.5, 500, 0.880005, 0
1, Point, 0, 7, 48, 0.5, 2.5, 350, 0.994003, 0
1, Point, 1, 0, 32, 1, 2.5, 200, 0.956009, 0
1, Point, 1, 0, 32, 1, 2.5, 500, 1.409, 0
1, Point, 1, 0, 32, 1, 2.5, 500, 1.30501, 0
1, Point, 1, 0, 32, 1, 2.5, 500, 1.159, 0
1, Point, 1, 0, 32, 1, 2.5, 200, 0.831009, 0
1, Point, 1, 0, 32, 1, 2.5, 350, 1.205, 0
1, Point, 1, 0, 32, 1, 2.5, 350, 1.103, 0
1, Point, 1, 0, 32, 1, 2.5, 350, 1.224, 0
1, Point, 1, 0, 32, 1, 2.5, 200, 1.284, 0
1, Point, 1, 1, 32, 1, 1.5, 350, 1.181, 0
1, Point, 1, 1, 32, 1, 1.5, 350, 1.071, 0
1, Point, 1, 1, 32, 1, 1.5, 500, 1.40701, 0
1, Point, 1, 1, 32, 1, 1.5, 350, 1.183, 0
1, Point, 1, 1, 32, 1, 1.5, 200, 0.849991, 0
1, Point, 1, 1, 32, 1, 1.5, 200, 1.96899, 1
1, Point, 1, 1, 32, 1, 1.5, 200, 1.088, 0
1, Point, 1, 1, 32, 1, 1.5, 500, 1.59801, 0
1, Point, 1, 1, 32, 1, 1.5, 500, 1.358, 0
1, Point, 1, 2, 48, 0.5, 2.5, 200, 0.942001, 0
1, Point, 1, 2, 48, 0.5, 2.5, 200, 0.863007, 0
1, Point, 1, 2, 48, 0.5, 2.5, 350, 0.977997, 0
1, Point, 1, 2, 48, 0.5, 2.5, 200, 1.50499, 1
1, Point, 1, 2, 48, 0.5, 2.5, 500, 1.05101, 0
1, Point, 1, 2, 48, 0.5, 2.5, 500, 0.916, 0
1, Point, 1, 2, 48, 0.5, 2.5, 500, 1.075, 0
1, Point, 1, 2, 48, 0.5, 2.5, 350, 1.181, 0
1, Point, 1, 2, 48, 0.5, 2.5, 350, 0.985992, 0
1, Point, 1, 3, 48, 1, 2.5, 350, 1.049, 0
1, Point, 1, 3, 48, 1, 2.5, 200, 0.86499, 0
1, Point, 1, 3, 48, 1, 2.5, 500, 1.04901, 0
1, Point, 1, 3, 48, 1, 2.5, 200, 0.895996, 0
1, Point, 1, 3, 48, 1, 2.5, 350, 1.746, 1
1, Point, 1, 3, 48, 1, 2.5, 500, 1.067, 0
1, Point, 1, 3, 48, 1, 2.5, 350, 1.183, 0
1, Point, 1, 3, 48, 1, 2.5, 200, 0.796005, 0
1, Point, 1, 3, 48, 1, 2.5, 500, 1.59, 1
1, Point, 1, 4, 48, 0.5, 1.5, 200, 0.759003, 0
1, Point, 1, 4, 48, 0.5, 1.5, 350, 0.981995, 0
1, Point, 1, 4, 48, 0.5, 1.5, 200, 0.781006, 0
1, Point, 1, 4, 48, 0.5, 1.5, 350, 0.975006, 0
1, Point, 1, 4, 48, 0.5, 1.5, 500, 1.05899, 0
1, Point, 1, 4, 48, 0.5, 1.5, 500, 1.153, 0
1, Point, 1, 4, 48, 0.5, 1.5, 200, 0.951996, 0
1, Point, 1, 4, 48, 0.5, 1.5, 500, 1.01801, 0
1, Point, 1, 4, 48, 0.5, 1.5, 350, 0.906998, 0
1, Point, 1, 5, 32, 0.5, 1.5, 350, 0.843994, 0
1, Point, 1, 5, 32, 0.5, 1.5, 500, 1.87901, 1
1, Point, 1, 5, 32, 0.5, 1.5, 200, 0.985001, 0
1, Point, 1, 5, 32, 0.5, 1.5, 500, 1.737, 1
1, Point, 1, 5, 32, 0.5, 1.5, 350, 2.90001, 3
1, Point, 1, 5, 32, 0.5, 1.5, 500, 1.55399, 0
1, Point, 1, 5, 32, 0.5, 1.5, 350, 0.914001, 0
1, Point, 1, 5, 32, 0.5, 1.5, 200, 1.168, 0
1, Point, 1, 5, 32, 0.5, 1.5, 200, 1.078, 0
1, Point, 1, 6, 48, 1, 1.5, 200, 1.28601, 0
1, Point, 1, 6, 48, 1, 1.5, 350, 0.985992, 0
1, Point, 1, 6, 48, 1, 1.5, 200, 1.427, 1
1, Point, 1, 6, 48, 1, 1.5, 500, 0.945999, 0
1, Point, 1, 6, 48, 1, 1.5, 350, 1.10301, 0
1, Point, 1, 6, 48, 1, 1.5, 200, 0.810989, 0
1, Point, 1, 6, 48, 1, 1.5, 500, 1.035, 0
1, Point, 1, 6, 48, 1, 1.5, 350, 1.04599, 0
1, Point, 1, 6, 48, 1, 1.5, 500, 1.065, 0
1, Point, 1, 7, 32, 0.5, 2.5, 350, 1.093, 0
1, Point, 1, 7, 32, 0.5, 2.5, 500, 1.076, 0
1, Point, 1, 7, 32, 0.5, 2.5, 500, 0.912994, 0
1, Point, 1, 7, 32, 0.5, 2.5, 350, 1.30501, 0
1, Point, 1, 7, 32, 0.5, 2.5, 200, 1.045, 0
1, Point, 1, 7, 32, 0.5, 2.5, 500, 1.03999, 0
1, Point, 1, 7, 32, 0.5, 2.5, 350, 1.132, 0
1, Point, 1, 7, 32, 0.5, 2.5, 200, 1.15001, 0
1, Point, 1, 7, 32, 0.5, 2.5, 200, 1.032, 0
1, Point, 2, 0, 32, 1, 1.5, 500, 1.19101, 0
1, Point, 2, 0, 32, 1, 1.5, 350, 0.947006, 0
1, Point, 2, 0, 32, 1, 1.5, 500, 1.41499, 0
1, Point, 2, 0, 32, 1, 1.5, 200, 1.24001, 0
1, Point, 2, 0, 32, 1, 1.5, 200, 1.884, 1
1, Point, 2, 0, 32, 1, 1.5, 500, 1.002, 0
1, Point, 2, 0, 32, 1, 1.5, 350, 1.474, 0
1, Point, 2, 0, 32, 1, 1.5, 350, 1.10201, 0
1, Point, 2, 0, 32, 1, 1.5, 200, 1.114, 0
1, Point, 2, 1, 48, 0.5, 2.5, 200, 0.862, 0
1, Point, 2, 1, 48, 0.5, 2.5, 500, 1.02301, 0
1, Point, 2, 1, 48, 0.5, 2.5, 200, 0.960999, 0
1, Point, 2, 1, 48, 0.5, 2.5, 350, 1.47501, 1
1, Point, 2, 1, 48, 0.5, 2.5, 200, 0.769012, 0
1, Point, 2, 1, 48, 0.5, 2.5, 500, 1.20001, 0
1, Point, 2, 1, 48, 0.5, 2.5, 350, 0.897003, 0
1, Point, 2, 1, 48, 0.5, 2.5, 500, 0.864014, 0
1, Point, 2, 1, 48, 0.5, 2.5, 350, 1.90601, 1
1, Point, 2, 2, 48, 1, 1.5, 500, 0.998993, 0
1, Point, 2, 2, 48, 1, 1.5, 350, 0.813995, 0
1, Point, 2, 2, 48, 1, 1.5, 200, 1.08499, 0
1, Point, 2, 2, 48, 1, 1.5, 200, 0.980011, 0
1, Point, 2, 2, 48, 1, 1.5, 500, 0.912994, 0
1, Point, 2, 2, 48, 1, 1.5, 200, 0.845001, 0
1, Point, 2, 2, 48, 1, 1.5, 350, 0.921997, 0
1, Point, 2, 2, 48, 1, 1.5, 350, 0.917999, 0
1, Point, 2, 2, 48, 1, 1.5, 500, 1.638, 1
1, Point, 2, 3, 32, 0.5, 1.5, 200, 1.13202, 0
1, Point, 2, 3, 32, 0.5, 1.5, 500, 1.01001, 0
1, Point, 2, 3, 32, 0.5, 1.5, 500, 1.396, 0
1, Point, 2, 3, 32, 0.5, 1.5, 350, 1.27902, 0
1, Point, 2, 3, 32, 0.5, 1.5, 500, 1.67401, 1
1, Point, 2, 3, 32, 0.5, 1.5, 200, 1.08298, 0
1, Point, 2, 3, 32, 0.5, 1.5, 350, 1.00601, 0
1, Point, 2, 3, 32, 0.5, 1.5, 350, 0.911987, 0
1, Point, 2, 3, 32, 0.5, 1.5, 200, 1.13101, 0
1, Point, 2, 4, 32, 0.5, 2.5, 350, 1.23001, 0
1, Point, 2, 4, 32, 0.5, 2.5, 500, 1.34, 0
1, Point, 2, 4, 32, 0.5, 2.5, 500, 1.30701, 0
1, Point, 2, 4, 32, 0.5, 2.5, 200, 0.876984, 0
1, Point, 2, 4, 32, 0.5, 2.5, 500, 1.33499, 0
1, Point, 2, 4, 32, 0.5, 2.5, 350, 1.62399, 1
1, Point, 2, 4, 32, 0.5, 2.5, 200, 1.078, 0
1, Point, 2, 4, 32, 0.5, 2.5, 200, 0.940002, 0
1, Point, 2, 4, 32, 0.5, 2.5, 350, 1.689, 1
1, Point, 2, 5, 32, 1, 2.5, 500, 1.061, 0
1, Point, 2, 5, 32, 1, 2.5, 350, 2.60501, 2
1, Point, 2, 5, 32, 1, 2.5, 350, 2.617, 1
1, Point, 2, 5, 32, 1, 2.5, 200, 1.16702, 0
1, Point, 2, 5, 32, 1, 2.5, 350, 1.30899, 0
1, Point, 2, 5, 32, 1, 2.5, 200, 1.035, 0
1, Point, 2, 5, 32, 1, 2.5, 500, 1.168, 0
1, Point, 2, 5, 32, 1, 2.5, 200, 1.05399, 0
1, Point, 2, 5, 32, 1, 2.5, 500, 1.34698, 0
1, Point, 2, 6, 48, 1, 2.5, 500, 1.06699, 0
1, Point, 2, 6, 48, 1, 2.5, 500, 1.18701, 0
1, Point, 2, 6, 48, 1, 2.5, 200, 1.01398, 0
1, Point, 2, 6, 48, 1, 2.5, 350, 1.03201, 0
1, Point, 2, 6, 48, 1, 2.5, 500, 1.461, 0
1, Point, 2, 6, 48, 1, 2.5, 350, 0.815002, 0
1, Point, 2, 6, 48, 1, 2.5, 200, 0.945984, 0
1, Point, 2, 6, 48, 1, 2.5, 350, 1.21701, 0
1, Point, 2, 6, 48, 1, 2.5, 200, 0.833984, 0
1, Point, 2, 7, 48, 0.5, 1.5, 200, 0.824005, 0
1, Point, 2, 7, 48, 0.5, 1.5, 350, 1.216, 0
1, Point, 2, 7, 48, 0.5, 1.5, 200, 0.828979, 0
1, Point, 2, 7, 48, 0.5, 1.5, 500, 1.01199, 0
1, Point, 2, 7, 48, 0.5, 1.5, 350, 0.932007, 0
1, Point, 2, 7, 48, 0.5, 1.5, 500, 0.942993, 0
1, Point, 2, 7, 48, 0.5, 1.5, 350, 1.08102, 0
1, Point, 2, 7, 48, 0.5, 1.5, 500, 0.962982, 0
1, Point, 2, 7, 48, 0.5, 1.5, 200, 0.998993, 0
1, Bubble, 0, 0, 32, 0.5, 2.5, 350, 0.723999, 0
1, Bubble, 0, 0, 32, 0.5, 2.5, 500, 1.07202, 0
1, Bubble, 0, 0, 32, 0.5, 2.5, 500, 0.86499, 0
1, Bubble, 0, 0, 32, 0.5, 2.5, 350, 0.77301, 0
1, Bubble, 0, 0, 32, 0.5, 2.5, 200, 0.695007, 0
1, Bubble, 0, 0, 32, 0.5, 2.5, 200, 0.677002, 0
1, Bubble, 0, 0, 32, 0.5, 2.5, 500, 0.881989, 0
1, Bubble, 0, 0, 32, 0.5, 2.5, 350, 0.811005, 0
1, Bubble, 0, 0, 32, 0.5, 2.5, 200, 0.751007, 0
1, Bubble, 0, 1, 48, 0.5, 2.5, 200, 0.794983, 0
1, Bubble, 0, 1, 48, 0.5, 2.5, 200, 0.678009, 0
1, Bubble, 0, 1, 48, 0.5, 2.5, 350, 0.794006, 0
1, Bubble, 0, 1, 48, 0.5, 2.5, 500, 0.776978, 0
1, Bubble, 0, 1, 48, 0.5, 2.5, 500, 0.949005, 0
1, Bubble, 0, 1, 48, 0.5, 2.5, 200, 0.69101, 0
1, Bubble, 0, 1, 48, 0.5, 2.5, 350, 0.692993, 0
1, Bubble, 0, 1, 48, 0.5, 2.5, 350, 0.859009, 0
1, Bubble, 0, 1, 48, 0.5, 2.5, 500, 0.807983, 0
1, Bubble, 0, 2, 48, 1, 1.5, 500, 0.82901, 0
1, Bubble, 0, 2, 48, 1, 1.5, 200, 0.816986, 0
1, Bubble, 0, 2, 48, 1, 1.5, 350, 0.825012, 0
1, Bubble, 0, 2, 48, 1, 1.5, 350, 0.914001, 0
1, Bubble, 0, 2, 48, 1, 1.5, 500, 0.867004, 0
1, Bubble, 0, 2, 48, 1, 1.5, 500, 1.08499, 0
1, Bubble, 0, 2, 48, 1, 1.5, 200, 1.04999, 0
1, Bubble, 0, 2, 48, 1, 1.5, 200, 0.840027, 0
1, Bubble, 0, 2, 48, 1, 1.5, 350, 0.745972, 0
1, Bubble, 0, 3, 32, 1, 2.5, 200, 0.876007, 0
1, Bubble, 0, 3, 32, 1, 2.5, 200, 0.967987, 0
1, Bubble, 0, 3, 32, 1, 2.5, 350, 1.03601, 0
1, Bubble, 0, 3, 32, 1, 2.5, 500, 1.05698, 0
1, Bubble, 0, 3, 32, 1, 2.5, 200, 0.899017, 0
1, Bubble, 0, 3, 32, 1, 2.5, 500, 0.953979, 0
1, Bubble, 0, 3, 32, 1, 2.5, 350, 0.998016, 0
1, Bubble, 0, 3, 32, 1, 2.5, 500, 0.881989, 0
1, Bubble, 0, 3, 32, 1, 2.5, 350, 0.800995, 0
1, Bubble, 0, 4, 48, 1, 2.5, 500, 0.787018, 0
1, Bubble, 0, 4, 48, 1, 2.5, 200, 0.673004, 0
1, Bubble, 0, 4, 48, 1, 2.5, 200, 0.712006, 0
1, Bubble, 0, 4, 48, 1, 2.5, 350, 0.772003, 0
1, Bubble, 0, 4, 48, 1, 2.5, 500, 0.792999, 0
1, Bubble, 0, 4, 48, 1, 2.5, 350, 0.777008, 0
1, Bubble, 0, 4, 48, 1, 2.5, 500, 1.01797, 0
1, Bubble, 0, 4, 48, 1, 2.5, 200, 0.661011, 0
1, Bubble, 0, 4, 48, 1, 2.5, 350, 0.79599, 0
1, Bubble, 0, 5, 32, 1, 1.5, 200, 0.764008, 0
1, Bubble, 0, 5, 32, 1, 1.5, 350, 0.951996, 0
1, Bubble, 0, 5, 32, 1, 1.5, 350, 0.848999, 0
1, Bubble, 0, 5, 32, 1, 1.5, 500, 0.901001, 0
1, Bubble, 0, 5, 32, 1, 1.5, 350, 1.108, 0
1, Bubble, 0, 5, 32, 1, 1.5, 500, 1.66501, 1
1, Bubble, 0, 5, 32, 1, 1.5, 200, 0.79599, 0
1, Bubble, 0, 5, 32, 1, 1.5, 200, 0.834015, 0
1, Bubble, 0, 5, 32, 1, 1.5, 500, 1.13699, 0
1, Bubble, 0, 6, 32, 0.5, 1.5, 350, 1.065, 0
1, Bubble, 0, 6, 32, 0.5, 1.5, 500, 1.04797, 0
1, Bubble, 0, 6, 32, 0.5, 1.5, 200, 0.792023, 0
1, Bubble, 0, 6, 32, 0.5, 1.5, 500, 0.958984, 0
1, Bubble, 0, 6, 32, 0.5, 1.5, 200, 0.744995, 0
1, Bubble, 0, 6, 32, 0.5, 1.5, 350, 1.02499, 0
1, Bubble, 0, 6, 32, 0.5, 1.5, 500, 1.03403, 0
1, Bubble, 0, 6, 32, 0.5, 1.5, 200, 0.742981, 0
1, Bubble, 0, 6, 32, 0.5, 1.5, 350, 0.825012, 0
1, Bubble, 0, 7, 48, 0.5, 1.5, 350, 0.725006, 0
1, Bubble, 0, 7, 48, 0.5, 1.5, 500, 0.84201, 0
1, Bubble, 0, 7, 48, 0.5, 1.5, 200, 0.673981, 0
1, Bubble, 0, 7, 48, 0.5, 1.5, 200, 0.732025, 0
1, Bubble, 0, 7, 48, 0.5, 1.5, 350, 0.757996, 0
1, Bubble, 0, 7, 48, 0.5, 1.5, 350, 0.895996, 0
1, Bubble, 0, 7, 48, 0.5, 1.5, 200, 0.73999, 0
1, Bubble, 0, 7, 48, 0.5, 1.5, 500, 0.811005, 0
1, Bubble, 0, 7, 48, 0.5, 1.5, 500, 0.850983, 0
1, Bubble, 1, 0, 48, 0.5, 1.5, 200, 0.745972, 0
1, Bubble, 1, 0, 48, 0.5, 1.5, 350, 0.809021, 0
1, Bubble, 1, 0, 48, 0.5, 1.5, 500, 0.945984, 0
1, Bubble, 1, 0, 48, 0.5, 1.5, 500, 0.84201, 0
1, Bubble, 1, 0, 48, 0.5, 1.5, 200, 0.759003, 0
1, Bubble, 1, 0, 48, 0.5, 1.5, 200, 0.643005, 0
1, Bubble, 1, 0, 48, 0.5, 1.5, 350, 0.812012, 0
1, Bubble, 1, 0, 48, 0.5, 1.5, 500, 1, 0
1, Bubble, 1, 0, 48, 0.5, 1.5, 350, 0.727997, 0
1, Bubble, 1, 1, 48, 1, 1.5, 500, 1.03201, 0
1, Bubble, 1, 1, 48, 1, 1.5, 500, 0.86499, 0
1, Bubble, 1, 1, 48, 1, 1.5, 200, 0.687988, 0
1, Bubble, 1, 1, 48, 1, 1.5, 500, 0.761993, 0
1, Bubble, 1, 1, 48, 1, 1.5, 200, 0.727997, 0
1, Bubble, 1, 1, 48, 1, 1.5, 350, 0.82901, 0
1, Bubble, 1, 1, 48, 1, 1.5, 350, 0.78299, 0
1, Bubble, 1, 1, 48, 1, 1.5, 200, 0.692017, 0
1, Bubble, 1, 1, 48, 1, 1.5, 350, 0.72699, 0
1, Bubble, 1, 2, 32, 1, 2.5, 500, 0.763, 0
1, Bubble, 1, 2, 32, 1, 2.5, 350, 1.10101, 0
1, Bubble, 1, 2, 32, 1, 2.5, 200, 0.845001, 0
1, Bubble, 1, 2, 32, 1, 2.5, 350, 1.155, 0
1, Bubble, 1, 2, 32, 1, 2.5, 200, 0.659973, 0
1, Bubble, 1, 2, 32, 1, 2.5, 500, 0.765015, 0
1, Bubble, 1, 2, 32, 1, 2.5, 500, 0.731995, 0
1, Bubble, 1, 2, 32, 1, 2.5, 350, 0.72699, 0
1, Bubble, 1, 2, 32, 1, 2.5, 200, 0.742981, 0
1, Bubble, 1, 3, 48, 1, 2.5, 500, 1.28198, 0
1, Bubble, 1, 3, 48, 1, 2.5, 500, 0.808014, 0
1, Bubble, 1, 3, 48, 1, 2.5, 350, 0.725006, 0
1, Bubble, 1, 3, 48, 1, 2.5, 200, 0.55899, 0
1, Bubble, 1, 3, 48, 1, 2.5, 350, 0.73999, 0
1, Bubble, 1, 3, 48, 1, 2.5, 200, 1.047, 1
1, Bubble, 1, 3, 48, 1, 2.5, 200, 0.610016, 0
1, Bubble, 1, 3, 48, 1, 2.5, 500, 0.692017, 0
1, Bubble, 1, 3, 48, 1, 2.5, 350, 0.707001, 0
1, Bubble, 1, 4, 32, 1, 1.5, 500, 1.05899, 0
1, Bubble, 1, 4, 32, 1, 1.5, 200, 0.809998, 0
1, Bubble, 1, 4, 32, 1, 1.5, 200, 0.833008, 0
1, Bubble, 1, 4, 32, 1, 1.5, 350, 0.798981, 0
1, Bubble, 1, 4, 32, 1, 1.5, 500, 0.987, 0
1, Bubble, 1, 4, 32, 1, 1.5, 350, 0.850006, 0
1, Bubble, 1, 4, 32, 1, 1.5, 350, 0.882996, 0
1, Bubble, 1, 4, 32, 1, 1.5, 200, 0.777008, 0
1, Bubble, 1, 4, 32, 1, 1.5, 500, 0.762024, 0
1, Bubble, 1, 5, 32, 0.5, 2.5, 500, 1.793, 1
1, Bubble, 1, 5, 32, 0.5, 2.5, 200, 0.829987, 0
1, Bubble, 1, 5, 32, 0.5, 2.5, 350, 0.705994, 0
1, Bubble, 1, 5, 32, 0.5, 2.5, 200, 0.675018, 0
1, Bubble, 1, 5, 32, 0.5, 2.5, 500, 1.082, 0
1, Bubble, 1, 5, 32, 0.5, 2.5, 500, 0.890991, 0
1, Bubble, 1, 5, 32, 0.5, 2.5, 200, 1.064, 0
1, Bubble, 1, 5, 32, 0.5, 2.5, 350, 0.738983, 0
1, Bubble, 1, 5, 32, 0.5, 2.5, 350, 0.675995, 0
1, Bubble, 1, 6, 32, 0.5, 1.5, 200, 0.908997, 0
1, Bubble, 1, 6, 32, 0.5, 1.5, 350, 1.013, 0
1, Bubble, 1, 6, 32, 0.5, 1.5, 200, 0.812988, 0
1, Bubble, 1, 6, 32, 0.5, 1.5, 500, 1.03497, 0
1, Bubble, 1, 6, 32, 0.5, 1.5, 350, 0.932007, 0
1, Bubble, 1, 6, 32, 0.5, 1.5, 200, 0.795044, 0
1, Bubble, 1, 6, 32, 0.5, 1.5, 350, 1.026, 0
1, Bubble, 1, 6, 32, 0.5, 1.5, 500, 1.04797, 0
1, Bubble, 1, 6, 32, 0.5, 1.5, 500, 0.861023, 0
1, Bubble, 1, 7, 48, 0.5, 2.5, 200, 0.690002, 0
1, Bubble, 1, 7, 48, 0.5, 2.5, 350, 0.828979, 0
1, Bubble, 1, 7, 48, 0.5, 2.5, 200, 0.658997, 0
1, Bubble, 1, 7, 48, 0.5, 2.5, 350, 0.76001, 0
1, Bubble, 1, 7, 48, 0.5, 2.5, 500, 0.859009, 0
1, Bubble, 1, 7, 48, 0.5, 2.5, 500, 0.79303, 0
1, Bubble, 1, 7, 48, 0.5, 2.5, 350, 0.773987, 0
1, Bubble, 1, 7, 48, 0.5, 2.5, 200, 0.677002, 0
1, Bubble, 1, 7, 48, 0.5, 2.5, 500, 0.759033, 0
1, Bubble, 2, 0, 48, 1, 2.5, 350, 0.843994, 0
1, Bubble, 2, 0, 48, 1, 2.5, 500, 0.812988, 0
1, Bubble, 2, 0, 48, 1, 2.5, 500, 0.761963, 0
1, Bubble, 2, 0, 48, 1, 2.5, 350, 0.859985, 0
1, Bubble, 2, 0, 48, 1, 2.5, 200, 0.777039, 0
1, Bubble, 2, 0, 48, 1, 2.5, 200, 0.690979, 0
1, Bubble, 2, 0, 48, 1, 2.5, 200, 0.677002, 0
1, Bubble, 2, 0, 48, 1, 2.5, 350, 0.827026, 0
1, Bubble, 2, 0, 48, 1, 2.5, 500, 0.763, 0
1, Bubble, 2, 1, 32, 0.5, 2.5, 350, 1.11298, 0
1, Bubble, 2, 1, 32, 0.5, 2.5, 500, 0.810974, 0
1, Bubble, 2, 1, 32, 0.5, 2.5, 200, 1.60901, 1
1, Bubble, 2, 1, 32, 0.5, 2.5, 350, 0.92804, 0
1, Bubble, 2, 1, 32, 0.5, 2.5, 500, 1.10999, 0
1, Bubble, 2, 1, 32, 0.5, 2.5, 200, 0.740967, 0
1, Bubble, 2, 1, 32, 0.5, 2.5, 350, 0.940002, 0
1, Bubble, 2, 1, 32, 0.5, 2.5, 200, 0.674011, 0
1, Bubble, 2, 1, 32, 0.5, 2.5, 500, 1.03296, 0
1, Bubble, 2, 2, 32, 1, 1.5, 350, 1, 0
1, Bubble, 2, 2, 32, 1, 1.5, 500, 1.08502, 0
1, Bubble, 2, 2, 32, 1, 1.5, 200, 0.850952, 0
1, Bubble, 2, 2, 32, 1, 1.5, 350, 0.915039, 0
1, Bubble, 2, 2, 32, 1, 1.5, 200, 1.03699, 0
1, Bubble, 2, 2, 32, 1, 1.5, 500, 0.901978, 0
1, Bubble, 2, 2, 32, 1, 1.5, 500, 0.981018, 0
1, Bubble, 2, 2, 32, 1, 1.5, 350, 0.953979, 0
1, Bubble, 2, 2, 32, 1, 1.5, 200, 0.702026, 0
1, Bubble, 2, 3, 48, 0.5, 1.5, 350, 0.777954, 0
1, Bubble, 2, 3, 48, 0.5, 1.5, 350, 0.848999, 0
1, Bubble, 2, 3, 48, 0.5, 1.5, 200, 0.877014, 0
1, Bubble, 2, 3, 48, 0.5, 1.5, 500, 0.862976, 0
1, Bubble, 2, 3, 48, 0.5, 1.5, 200, 1.26099, 1
1, Bubble, 2, 3, 48, 0.5, 1.5, 500, 0.999023, 0
1, Bubble, 2, 3, 48, 0.5, 1.5, 350, 0.83197, 0
1, Bubble, 2, 3, 48, 0.5, 1.5, 500, 0.873962, 0
1, Bubble, 2, 3, 48, 0.5, 1.5, 200, 0.69104, 0
1, Bubble, 2, 4, 32, 1, 2.5, 200, 0.698975, 0
1, Bubble, 2, 4, 32, 1, 2.5, 200, 0.81604, 0
1, Bubble, 2, 4, 32, 1, 2.5, 350, 1.00098, 0
1, Bubble, 2, 4, 32, 1, 2.5, 500, 0.848999, 0
1, Bubble, 2, 4, 32, 1, 2.5, 200, 0.794006, 0
1, Bubble, 2, 4, 32, 1, 2.5, 350, 0.953003, 0
1, Bubble, 2, 4, 32, 1, 2.5, 350, 3.85303, 0
1, Bubble, 2, 4, 32, 1, 2.5, 500, 0.731995, 0
1, Bubble, 2, 4, 32, 1, 2.5, 500, 0.815979, 0
1, Bubble, 2, 5, 32, 0.5, 1.5, 500, 0.868042, 0
1, Bubble, 2, 5, 32, 0.5, 1.5, 200, 0.911011, 0
1, Bubble, 2, 5, 32, 0.5, 1.5, 500, 0.896973, 0
1, Bubble, 2, 5, 32, 0.5, 1.5, 350, 0.744995, 0
1, Bubble, 2, 5, 32, 0.5, 1.5, 200, 0.674988, 0
1, Bubble, 2, 5, 32, 0.5, 1.5, 500, 0.95105, 0
1, Bubble, 2, 5, 32, 0.5, 1.5, 350, 0.828979, 0
1, Bubble, 2, 5, 32, 0.5, 1.5, 350, 1.35498, 1
1, Bubble, 2, 5, 32, 0.5, 1.5, 200, 0.754944, 0
1, Bubble, 2, 6, 48, 1, 1.5, 500, 0.884033, 0
1, Bubble, 2, 6, 48, 1, 1.5, 350, 0.779968, 0
1, Bubble, 2, 6, 48, 1, 1.5, 350, 0.80603, 0
1, Bubble, 2, 6, 48, 1, 1.5, 200, 0.846985, 0
1, Bubble, 2, 6, 48, 1, 1.5, 500, 1.11804, 0
1, Bubble, 2, 6, 48, 1, 1.5, 500, 1.20496, 1
1, Bubble, 2, 6, 48, 1, 1.5, 200, 0.642029, 0
1, Bubble, 2, 6, 48, 1, 1.5, 350, 0.742981, 0
1, Bubble, 2, 6, 48, 1, 1.5, 200, 0.78302, 0
1, Bubble, 2, 7, 48, 0.5, 2.5, 200, 0.778992, 0
1, Bubble, 2, 7, 48, 0.5, 2.5, 500, 1.013, 0
1, Bubble, 2, 7, 48, 0.5, 2.5, 350, 0.674988, 0
1, Bubble, 2, 7, 48, 0.5, 2.5, 350, 0.675964, 0
1, Bubble, 2, 7, 48, 0.5, 2.5, 500, 0.814026, 0
1, Bubble, 2, 7, 48, 0.5, 2.5, 200, 0.692017, 0
1, Bubble, 2, 7, 48, 0.5, 2.5, 500, 0.775024, 0
1, Bubble, 2, 7, 48, 0.5, 2.5, 200, 0.89801, 0
1, Bubble, 2, 7, 48, 0.5, 2.5, 350, 0.846985, 0
2, Bubble, 0, 0, 32, 0.5, 2.5, 200, 0.962982, 0
2, Bubble, 0, 0, 32, 0.5, 2.5, 350, 1.13202, 0
2, Bubble, 0, 0, 32, 0.5, 2.5, 350, 1.23898, 0
2, Bubble, 0, 0, 32, 0.5, 2.5, 200, 0.924011, 0
2, Bubble, 0, 0, 32, 0.5, 2.5, 500, 1.12, 0
2, Bubble, 0, 0, 32, 0.5, 2.5, 200, 0.911987, 0
2, Bubble, 0, 0, 32, 0.5, 2.5, 350, 2.01102, 1
2, Bubble, 0, 0, 32, 0.5, 2.5, 500, 1.20499, 0
2, Bubble, 0, 0, 32, 0.5, 2.5, 500, 1.11499, 0
2, Bubble, 0, 1, 32, 1, 1.5, 200, 1.56299, 0
2, Bubble, 0, 1, 32, 1, 1.5, 200, 0.996979, 0
2, Bubble, 0, 1, 32, 1, 1.5, 500, 1.134, 0
2, Bubble, 0, 1, 32, 1, 1.5, 350, 0.897003, 0
2, Bubble, 0, 1, 32, 1, 1.5, 350, 1.11899, 0
2, Bubble, 0, 1, 32, 1, 1.5, 200, 0.951996, 0
2, Bubble, 0, 1, 32, 1, 1.5, 350, 1.172, 0
2, Bubble, 0, 1, 32, 1, 1.5, 500, 0.966003, 0
2, Bubble, 0, 1, 32, 1, 1.5, 500, 1.44, 0
2, Bubble, 0, 2, 48, 0.5, 1.5, 350, 1.23102, 0
2, Bubble, 0, 2, 48, 0.5, 1.5, 500, 1.284, 0
2, Bubble, 0, 2, 48, 0.5, 1.5, 200, 0.949005, 0
2, Bubble, 0, 2, 48, 0.5, 1.5, 350, 1.06097, 0
2, Bubble, 0, 2, 48, 0.5, 1.5, 350, 1.147, 0
2, Bubble, 0, 2, 48, 0.5, 1.5, 500, 1.09601, 0
2, Bubble, 0, 2, 48, 0.5, 1.5, 200, 0.877991, 0
2, Bubble, 0, 2, 48, 0.5, 1.5, 500, 1.36801, 0
2, Bubble, 0, 2, 48, 0.5, 1.5, 200, 0.945984, 0
2, Bubble, 0, 3, 48, 0.5, 2.5, 350, 1.211, 0
2, Bubble, 0, 3, 48, 0.5, 2.5, 350, 1.09302, 0
2, Bubble, 0, 3, 48, 0.5, 2.5, 200, 0.687988, 0
2, Bubble, 0, 3, 48, 0.5, 2.5, 500, 0.976013, 0
2, Bubble, 0, 3, 48, 0.5, 2.5, 500, 1.02899, 0
2, Bubble, 0, 3, 48, 0.5, 2.5, 200, 0.773987, 0
2, Bubble, 0, 3, 48, 0.5, 2.5, 200, 0.740021, 0
2, Bubble, 0, 3, 48, 0.5, 2.5, 500, 0.946991, 0
2, Bubble, 0, 3, 48, 0.5, 2.5, 350, 0.842987, 0
2, Bubble, 0, 4, 48, 1, 1.5, 500, 1.095, 0
2, Bubble, 0, 4, 48, 1, 1.5, 500, 0.944, 0
2, Bubble, 0, 4, 48, 1, 1.5, 200, 0.812012, 0
2, Bubble, 0, 4, 48, 1, 1.5, 350, 1.043, 0
2, Bubble, 0, 4, 48, 1, 1.5, 200, 0.880981, 0
2, Bubble, 0, 4, 48, 1, 1.5, 350, 0.778992, 0
2, Bubble, 0, 4, 48, 1, 1.5, 350, 1.11502, 0
2, Bubble, 0, 4, 48, 1, 1.5, 500, 1.01199, 0
2, Bubble, 0, 4, 48, 1, 1.5, 200, 0.799011, 0
2, Bubble, 0, 5, 48, 1, 2.5, 500, 0.963013, 0
2, Bubble, 0, 5, 48, 1, 2.5, 350, 0.980011, 0
2, Bubble, 0, 5, 48, 1, 2.5, 200, 0.794983, 0
2, Bubble, 0, 5, 48, 1, 2.5, 500, 0.778015, 0
2, Bubble, 0, 5, 48, 1, 2.5, 350, 0.89502, 0
2, Bubble, 0, 5, 48, 1, 2.5, 500, 0.877014, 0
2, Bubble, 0, 5, 48, 1, 2.5, 200, 0.791992, 0
2, Bubble, 0, 5, 48, 1, 2.5, 350, 0.856995, 0
2, Bubble, 0, 5, 48, 1, 2.5, 200, 0.95697, 0
2, Bubble, 0, 6, 32, 1, 2.5, 200, 0.748962, 0
2, Bubble, 0, 6, 32, 1, 2.5, 200, 0.901001, 0
2, Bubble, 0, 6, 32, 1, 2.5, 200, 0.89801, 0
2, Bubble, 0, 6, 32, 1, 2.5, 350, 0.760986, 0
2, Bubble, 0, 6, 32, 1, 2.5, 350, 0.778992, 0
2, Bubble, 0, 6, 32, 1, 2.5, 350, 1.03705, 0
2, Bubble, 0, 6, 32, 1, 2.5, 500, 1.00494, 0
2, Bubble, 0, 6, 32, 1, 2.5, 500, 1.07397, 0
2, Bubble, 0, 6, 32, 1, 2.5, 500, 0.893982, 0
2, Bubble, 0, 7, 32, 0.5, 1.5, 200, 1.09802, 0
2, Bubble, 0, 7, 32, 0.5, 1.5, 350, 1.20398, 0
2, Bubble, 0, 7, 32, 0.5, 1.5, 500, 1.02698, 0
2, Bubble, 0, 7, 32, 0.5, 1.5, 500, 1.23499, 0
2, Bubble, 0, 7, 32, 0.5, 1.5, 200, 0.995972, 0
2, Bubble, 0, 7, 32, 0.5, 1.5, 200, 1.12799, 0
2, Bubble, 0, 7, 32, 0.5, 1.5, 350, 1.16504, 0
2, Bubble, 0, 7, 32, 0.5, 1.5, 350, 1.28796, 0
2, Bubble, 0, 7, 32, 0.5, 1.5, 500, 1.31403, 0
2, Bubble, 1, 0, 48, 1, 1.5, 350, 0.832031, 0
2, Bubble, 1, 0, 48, 1, 1.5, 500, 1.04999, 0
2, Bubble, 1, 0, 48, 1, 1.5, 350, 0.91095, 0
2, Bubble, 1, 0, 48, 1, 1.5, 500, 0.899048, 0
2, Bubble, 1, 0, 48, 1, 1.5, 200, 0.928955, 0
2, Bubble, 1, 0, 48, 1, 1.5, 500, 1.06903, 0
2, Bubble, 1, 0, 48, 1, 1.5, 200, 0.695007, 0
2, Bubble, 1, 0, 48, 1, 1.5, 200, 1.01196, 0
2, Bubble, 1, 0, 48, 1, 1.5, 350, 0.963013, 0
2, Bubble, 1, 1, 48, 0.5, 2.5, 500, 1.198, 0
2, Bubble, 1, 1, 48, 0.5, 2.5, 200, 0.790039, 0
2, Bubble, 1, 1, 48, 0.5, 2.5, 350, 0.708008, 0
2, Bubble, 1, 1, 48, 0.5, 2.5, 500, 1.10199, 0
2, Bubble, 1, 1, 48, 0.5, 2.5, 500, 0.897949, 0
2, Bubble, 1, 1, 48, 0.5, 2.5, 350, 0.846008, 0
2, Bubble, 1, 1, 48, 0.5, 2.5, 200, 0.778992, 0
2, Bubble, 1, 1, 48, 0.5, 2.5, 350, 0.882996, 0
2, Bubble, 1, 1, 48, 0.5, 2.5, 200, 0.763977, 0
2, Bubble, 1, 2, 32, 1, 2.5, 200, 0.782043, 0
2, Bubble, 1, 2, 32, 1, 2.5, 200, 1.06696, 0
2, Bubble, 1, 2, 32, 1, 2.5, 350, 0.76001, 0
2, Bubble, 1, 2, 32, 1, 2.5, 500, 1.07098, 0
2, Bubble, 1, 2, 32, 1, 2.5, 350, 1.05304, 0
2, Bubble, 1, 2, 32, 1, 2.5, 500, 1.13599, 0
2, Bubble, 1, 2, 32, 1, 2.5, 200, 0.864014, 0
2, Bubble, 1, 2, 32, 1, 2.5, 350, 0.898987, 0
2, Bubble, 1, 2, 32, 1, 2.5, 500, 1.06403, 0
2, Bubble, 1, 3, 32, 1, 1.5, 200, 0.987976, 0
2, Bubble, 1, 3, 32, 1, 1.5, 350, 0.953003, 0
2, Bubble, 1, 3, 32, 1, 1.5, 350, 0.854004, 0
2, Bubble, 1, 3, 32, 1, 1.5, 350, 0.89801, 0
2, Bubble, 1, 3, 32, 1, 1.5, 200, 0.94696, 0
2, Bubble, 1, 3, 32, 1, 1.5, 500, 1.07898, 0
2, Bubble, 1, 3, 32, 1, 1.5, 500, 1.13501, 0
2, Bubble, 1, 3, 32, 1, 1.5, 500, 1.35699, 0
2, Bubble, 1, 3, 32, 1, 1.5, 200, 0.896973, 0
2, Bubble, 1, 4, 48, 1, 2.5, 350, 0.782959, 0
2, Bubble, 1, 4, 48, 1, 2.5, 500, 0.911987, 0
2, Bubble, 1, 4, 48, 1, 2.5, 500, 0.809998, 0
2, Bubble, 1, 4, 48, 1, 2.5, 500, 0.79303, 0
2, Bubble, 1, 4, 48, 1, 2.5, 350, 0.710022, 0
2, Bubble, 1, 4, 48, 1, 2.5, 350, 0.757019, 0
2, Bubble, 1, 4, 48, 1, 2.5, 200, 0.807983, 0
2, Bubble, 1, 4, 48, 1, 2.5, 200, 0.690979, 0
2, Bubble, 1, 4, 48, 1, 2.5, 200, 0.690002, 0
2, Bubble, 1, 5, 32, 0.5, 2.5, 200, 0.795044, 0
2, Bubble, 1, 5, 32, 0.5, 2.5, 350, 0.981995, 0
2, Bubble, 1, 5, 32, 0.5, 2.5, 500, 0.97998, 0
2, Bubble, 1, 5, 32, 0.5, 2.5, 350, 1.31903, 0
2, Bubble, 1, 5, 32, 0.5, 2.5, 200, 1.31396, 0
2, Bubble, 1, 5, 32, 0.5, 2.5, 200, 0.744019, 0
2, Bubble, 1, 5, 32, 0.5, 2.5, 500, 1.14502, 0
2, Bubble, 1, 5, 32, 0.5, 2.5, 500, 1.117, 0
2, Bubble, 1, 5, 32, 0.5, 2.5, 350, 1.05396, 0
2, Bubble, 1, 6, 32, 0.5, 1.5, 350, 1.03601, 0
2, Bubble, 1, 6, 32, 0.5, 1.5, 500, 1.25299, 0
2, Bubble, 1, 6, 32, 0.5, 1.5, 350, 1.04901, 0
2, Bubble, 1, 6, 32, 0.5, 1.5, 500, 1.17303, 0
2, Bubble, 1, 6, 32, 0.5, 1.5, 200, 1.22101, 0
2, Bubble, 1, 6, 32, 0.5, 1.5, 200, 0.997986, 0
2, Bubble, 1, 6, 32, 0.5, 1.5, 350, 1.172, 0
2, Bubble, 1, 6, 32, 0.5, 1.5, 200, 0.995972, 0
2, Bubble, 1, 6, 32, 0.5, 1.5, 500, 1.31598, 0
2, Bubble, 1, 7, 48, 0.5, 1.5, 500, 1.04498, 0
2, Bubble, 1, 7, 48, 0.5, 1.5, 200, 0.879944, 0
2, Bubble, 1, 7, 48, 0.5, 1.5, 200, 0.712036, 0
2, Bubble, 1, 7, 48, 0.5, 1.5, 350, 0.859009, 0
2, Bubble, 1, 7, 48, 0.5, 1.5, 500, 1.25, 0
2, Bubble, 1, 7, 48, 0.5, 1.5, 500, 1.09003, 0
2, Bubble, 1, 7, 48, 0.5, 1.5, 350, 1.11597, 0
2, Bubble, 1, 7, 48, 0.5, 1.5, 200, 0.963989, 0
2, Bubble, 1, 7, 48, 0.5, 1.5, 350, 0.968994, 0
2, Bubble, 2, 0, 48, 0.5, 2.5, 500, 0.832031, 0
2, Bubble, 2, 0, 48, 0.5, 2.5, 200, 1.00195, 0
2, Bubble, 2, 0, 48, 0.5, 2.5, 500, 1.06201, 0
2, Bubble, 2, 0, 48, 0.5, 2.5, 500, 1.01501, 0
2, Bubble, 2, 0, 48, 0.5, 2.5, 200, 0.776978, 0
2, Bubble, 2, 0, 48, 0.5, 2.5, 350, 0.825989, 0
2, Bubble, 2, 0, 48, 0.5, 2.5, 350, 0.687012, 0
2, Bubble, 2, 0, 48, 0.5, 2.5, 200, 0.655029, 0
2, Bubble, 2, 0, 48, 0.5, 2.5, 350, 0.794006, 0
2, Bubble, 2, 1, 32, 1, 1.5, 500, 1.10199, 0
2, Bubble, 2, 1, 32, 1, 1.5, 350, 0.846008, 0
2, Bubble, 2, 1, 32, 1, 1.5, 200, 0.745972, 0
2, Bubble, 2, 1, 32, 1, 1.5, 200, 0.871033, 0
2, Bubble, 2, 1, 32, 1, 1.5, 350, 1.32703, 0
2, Bubble, 2, 1, 32, 1, 1.5, 350, 0.883972, 0
2, Bubble, 2, 1, 32, 1, 1.5, 200, 0.796997, 0
2, Bubble, 2, 1, 32, 1, 1.5, 500, 1.10101, 0
2, Bubble, 2, 1, 32, 1, 1.5, 500, 0.983032, 0
2, Bubble, 2, 2, 32, 0.5, 1.5, 350, 1.38696, 0
2, Bubble, 2, 2, 32, 0.5, 1.5, 200, 1.07202, 0
2, Bubble, 2, 2, 32, 0.5, 1.5, 200, 1.04999, 0
2, Bubble, 2, 2, 32, 0.5, 1.5, 350, 1.08496, 0
2, Bubble, 2, 2, 32, 0.5, 1.5, 200, 0.914001, 0
2, Bubble, 2, 2, 32, 0.5, 1.5, 500, 1.20898, 0
2, Bubble, 2, 2, 32, 0.5, 1.5, 350, 1.297, 0
2, Bubble, 2, 2, 32, 0.5, 1.5, 500, 1.08301, 0
2, Bubble, 2, 2, 32, 0.5, 1.5, 500, 1.008, 0
2, Bubble, 2, 3, 32, 1, 2.5, 500, 1.02496, 0
2, Bubble, 2, 3, 32, 1, 2.5, 350, 0.934998, 0
2, Bubble, 2, 3, 32, 1, 2.5, 200, 0.813965, 0
2, Bubble, 2, 3, 32, 1, 2.5, 200, 0.93103, 0
2, Bubble, 2, 3, 32, 1, 2.5, 500, 0.968018, 0
2, Bubble, 2, 3, 32, 1, 2.5, 200, 1.12299, 0
2, Bubble, 2, 3, 32, 1, 2.5, 500, 1.11401, 0
2, Bubble, 2, 3, 32, 1, 2.5, 350, 1.138, 0
2, Bubble, 2, 3, 32, 1, 2.5, 350, 0.964966, 0
2, Bubble, 2, 4, 48, 1, 1.5, 500, 1.034, 0
2, Bubble, 2, 4, 48, 1, 1.5, 200, 0.828003, 0
2, Bubble, 2, 4, 48, 1, 1.5, 200, 0.812988, 0
2, Bubble, 2, 4, 48, 1, 1.5, 350, 0.916992, 0
2, Bubble, 2, 4, 48, 1, 1.5, 350, 0.938965, 0
2, Bubble, 2, 4, 48, 1, 1.5, 500, 1.00702, 0
2, Bubble, 2, 4, 48, 1, 1.5, 500, 0.982971, 0
2, Bubble, 2, 4, 48, 1, 1.5, 200, 1.03198, 0
2, Bubble, 2, 4, 48, 1, 1.5, 350, 0.807007, 0
2, Bubble, 2, 5, 48, 1, 2.5, 500, 0.934998, 0
2, Bubble, 2, 5, 48, 1, 2.5, 200, 0.84198, 0
2, Bubble, 2, 5, 48, 1, 2.5, 200, 0.950989, 0
2, Bubble, 2, 5, 48, 1, 2.5, 350, 0.854004, 0
2, Bubble, 2, 5, 48, 1, 2.5, 500, 0.757996, 0
2, Bubble, 2, 5, 48, 1, 2.5, 200, 0.662964, 0
2, Bubble, 2, 5, 48, 1, 2.5, 350, 0.710022, 0
2, Bubble, 2, 5, 48, 1, 2.5, 350, 0.828003, 0
2, Bubble, 2, 5, 48, 1, 2.5, 500, 0.929016, 0
2, Bubble, 2, 6, 48, 0.5, 1.5, 200, 0.86499, 0
2, Bubble, 2, 6, 48, 0.5, 1.5, 500, 0.877014, 0
2, Bubble, 2, 6, 48, 0.5, 1.5, 500, 0.860962, 0
2, Bubble, 2, 6, 48, 0.5, 1.5, 200, 0.794983, 0
2, Bubble, 2, 6, 48, 0.5, 1.5, 200, 1.06, 0
2, Bubble, 2, 6, 48, 0.5, 1.5, 350, 1.14404, 0
2, Bubble, 2, 6, 48, 0.5, 1.5, 350, 1.01404, 0
2, Bubble, 2, 6, 48, 0.5, 1.5, 350, 1.14496, 0
2, Bubble, 2, 6, 48, 0.5, 1.5, 500, 0.947998, 0
2, Bubble, 2, 7, 32, 0.5, 2.5, 350, 1.33301, 0
2, Bubble, 2, 7, 32, 0.5, 2.5, 350, 0.929993, 0
2, Bubble, 2, 7, 32, 0.5, 2.5, 500, 1.21899, 0
2, Bubble, 2, 7, 32, 0.5, 2.5, 500, 1.01398, 0
2, Bubble, 2, 7, 32, 0.5, 2.5, 500, 1.77502, 0
2, Bubble, 2, 7, 32, 0.5, 2.5, 200, 0.984009, 0
2, Bubble, 2, 7, 32, 0.5, 2.5, 200, 1.45404, 2
2, Bubble, 2, 7, 32, 0.5, 2.5, 350, 1.09796, 0
2, Bubble, 2, 7, 32, 0.5, 2.5, 200, 0.932007, 0
2, Point, 0, 0, 32, 1, 2.5, 200, 1.30402, 0
2, Point, 0, 0, 32, 1, 2.5, 200, 1.086, 0
2, Point, 0, 0, 32, 1, 2.5, 350, 1.03302, 0
2, Point, 0, 0, 32, 1, 2.5, 500, 1.00195, 0
2, Point, 0, 0, 32, 1, 2.5, 500, 1.75, 2
2, Point, 0, 0, 32, 1, 2.5, 350, 1.539, 0
2, Point, 0, 0, 32, 1, 2.5, 200, 1.83301, 0
2, Point, 0, 0, 32, 1, 2.5, 350, 1.57794, 0
2, Point, 0, 0, 32, 1, 2.5, 500, 1.15601, 0
2, Point, 0, 1, 48, 0.5, 2.5, 350, 1.09198, 0
2, Point, 0, 1, 48, 0.5, 2.5, 200, 1.04797, 0
2, Point, 0, 1, 48, 0.5, 2.5, 500, 0.963013, 0
2, Point, 0, 1, 48, 0.5, 2.5, 350, 0.913025, 0
2, Point, 0, 1, 48, 0.5, 2.5, 200, 1.034, 0
2, Point, 0, 1, 48, 0.5, 2.5, 500, 0.997009, 0
2, Point, 0, 1, 48, 0.5, 2.5, 200, 1.117, 0
2, Point, 0, 1, 48, 0.5, 2.5, 500, 1.12097, 0
2, Point, 0, 1, 48, 0.5, 2.5, 350, 1.20105, 0
2, Point, 0, 2, 32, 1, 1.5, 500, 1.22003, 0
2, Point, 0, 2, 32, 1, 1.5, 350, 1.22095, 0
2, Point, 0, 2, 32, 1, 1.5, 200, 0.951965, 0
2, Point, 0, 2, 32, 1, 1.5, 200, 1.08496, 0
2, Point, 0, 2, 32, 1, 1.5, 350, 0.960999, 0
2, Point, 0, 2, 32, 1, 1.5, 200, 1.03705, 0
2, Point, 0, 2, 32, 1, 1.5, 500, 1.03198, 0
2, Point, 0, 2, 32, 1, 1.5, 500, 1.44, 0
2, Point, 0, 2, 32, 1, 1.5, 350, 1.10101, 0
2, Point, 0, 3, 32, 0.5, 2.5, 500, 1.12903, 0
2, Point, 0, 3, 32, 0.5, 2.5, 350, 1.284, 0
2, Point, 0, 3, 32, 0.5, 2.5, 350, 1.07898, 0
2, Point, 0, 3, 32, 0.5, 2.5, 200, 1.80005, 1
2, Point, 0, 3, 32, 0.5, 2.5, 350, 1.12097, 0
2, Point, 0, 3, 32, 0.5, 2.5, 500, 1.22601, 0
2, Point, 0, 3, 32, 0.5, 2.5, 500, 1.85004, 0
2, Point, 0, 3, 32, 0.5, 2.5, 200, 1.14899, 0
2, Point, 0, 3, 32, 0.5, 2.5, 200, 1.14996, 0
2, Point, 0, 4, 48, 1, 1.5, 200, 1.06702, 0
2, Point, 0, 4, 48, 1, 1.5, 350, 0.865967, 0
2, Point, 0, 4, 48, 1, 1.5, 200, 0.905029, 0
2, Point, 0, 4, 48, 1, 1.5, 350, 1.08197, 0
2, Point, 0, 4, 48, 1, 1.5, 500, 1.04999, 0
2, Point, 0, 4, 48, 1, 1.5, 500, 1.11401, 0
2, Point, 0, 4, 48, 1, 1.5, 350, 1.23395, 0
2, Point, 0, 4, 48, 1, 1.5, 200, 0.893005, 0
2, Point, 0, 4, 48, 1, 1.5, 500, 1.099, 0
2, Point, 0, 5, 48, 1, 2.5, 200, 0.877014, 0
2, Point, 0, 5, 48, 1, 2.5, 200, 0.881042, 0
2, Point, 0, 5, 48, 1, 2.5, 350, 0.825989, 0
2, Point, 0, 5, 48, 1, 2.5, 500, 1.05499, 0
2, Point, 0, 5, 48, 1, 2.5, 500, 0.944031, 0
2, Point, 0, 5, 48, 1, 2.5, 350, 0.895996, 0
2, Point, 0, 5, 48, 1, 2.5, 350, 0.838989, 0
2, Point, 0, 5, 48, 1, 2.5, 200, 1.41498, 1
2, Point, 0, 5, 48, 1, 2.5, 500, 1.14502, 0
2, Point, 0, 6, 48, 0.5, 1.5, 500, 1.198, 0
2, Point, 0, 6, 48, 0.5, 1.5, 350, 1.33496, 0
2, Point, 0, 6, 48, 0.5, 1.5, 200, 1.23401, 0
2, Point, 0, 6, 48, 0.5, 1.5, 200, 1.11102, 0
2, Point, 0, 6, 48, 0.5, 1.5, 350, 1.04401, 0
2, Point, 0, 6, 48, 0.5, 1.5, 200, 1.24597, 0
2, Point, 0, 6, 48, 0.5, 1.5, 500, 1.21802, 0
2, Point, 0, 6, 48, 0.5, 1.5, 500, 1.17603, 0
2, Point, 0, 6, 48, 0.5, 1.5, 350, 0.914001, 0
2, Point, 0, 7, 32, 0.5, 1.5, 200, 0.903992, 0
2, Point, 0, 7, 32, 0.5, 1.5, 350, 1.48499, 0
2, Point, 0, 7, 32, 0.5, 1.5, 200, 1.11401, 0
2, Point, 0, 7, 32, 0.5, 1.5, 500, 1.35101, 0
2, Point, 0, 7, 32, 0.5, 1.5, 500, 1.37, 0
2, Point, 0, 7, 32, 0.5, 1.5, 200, 2.09698, 1
2, Point, 0, 7, 32, 0.5, 1.5, 350, 1.09698, 0
2, Point, 0, 7, 32, 0.5, 1.5, 350, 1.12402, 0
2, Point, 0, 7, 32, 0.5, 1.5, 500, 1.04803, 0
2, Point, 1, 0, 32, 1, 2.5, 350, 1.13403, 0
2, Point, 1, 0, 32, 1, 2.5, 200, 0.895996, 0
2, Point, 1, 0, 32, 1, 2.5, 500, 1.45697, 0
2, Point, 1, 0, 32, 1, 2.5, 200, 1.185, 0
2, Point, 1, 0, 32, 1, 2.5, 200, 0.881042, 0
2, Point, 1, 0, 32, 1, 2.5, 350, 0.829956, 0
2, Point, 1, 0, 32, 1, 2.5, 500, 1.70801, 1
2, Point, 1, 0, 32, 1, 2.5, 350, 0.900024, 0
2, Point, 1, 0, 32, 1, 2.5, 500, 1.05298, 0
2, Point, 1, 1, 32, 0.5, 1.5, 500, 1.21503, 0
2, Point, 1, 1, 32, 0.5, 1.5, 500, 0.925964, 0
2, Point, 1, 1, 32, 0.5, 1.5, 200, 1.13403, 0
2, Point, 1, 1, 32, 0.5, 1.5, 350, 1.41998, 0
2, Point, 1, 1, 32, 0.5, 1.5, 350, 1.13495, 0
2, Point, 1, 1, 32, 0.5, 1.5, 350, 1.25201, 0
2, Point, 1, 1, 32, 0.5, 1.5, 200, 1.10699, 0
2, Point, 1, 1, 32, 0.5, 1.5, 500, 1.047, 0
2, Point, 1, 1, 32, 0.5, 1.5, 200, 1.099, 0
2, Point, 1, 2, 32, 1, 1.5, 350, 1.45898, 0
2, Point, 1, 2, 32, 1, 1.5, 350, 1.052, 0
2, Point, 1, 2, 32, 1, 1.5, 500, 1.14001, 0
2, Point, 1, 2, 32, 1, 1.5, 500, 1.07001, 0
2, Point, 1, 2, 32, 1, 1.5, 200, 1.07202, 0
2, Point, 1, 2, 32, 1, 1.5, 200, 1.25702, 0
2, Point, 1, 2, 32, 1, 1.5, 200, 1.37103, 0
2, Point, 1, 2, 32, 1, 1.5, 350, 1.12195, 0
2, Point, 1, 2, 32, 1, 1.5, 500, 1.12201, 0
2, Point, 1, 3, 48, 0.5, 1.5, 350, 1.09705, 0
2, Point, 1, 3, 48, 0.5, 1.5, 500, 1.008, 0
2, Point, 1, 3, 48, 0.5, 1.5, 350, 1.20795, 0
2, Point, 1, 3, 48, 0.5, 1.5, 200, 1.03204, 0
2, Point, 1, 3, 48, 0.5, 1.5, 200, 1.23499, 0
2, Point, 1, 3, 48, 0.5, 1.5, 500, 1.33099, 0
2, Point, 1, 3, 48, 0.5, 1.5, 200, 0.862, 0
2, Point, 1, 3, 48, 0.5, 1.5, 500, 1.06598, 0
2, Point, 1, 3, 48, 0.5, 1.5, 350, 0.913025, 0
2, Point, 1, 4, 48, 1, 1.5, 200, 0.997986, 0
2, Point, 1, 4, 48, 1, 1.5, 350, 1.03198, 0
2, Point, 1, 4, 48, 1, 1.5, 500, 1.07697, 0
2, Point, 1, 4, 48, 1, 1.5, 350, 1.16901, 0
2, Point, 1, 4, 48, 1, 1.5, 200, 0.993958, 0
2, Point, 1, 4, 48, 1, 1.5, 200, 1.24902, 0
2, Point, 1, 4, 48, 1, 1.5, 350, 2.40704, 2
2, Point, 1, 4, 48, 1, 1.5, 500, 1.21198, 0
2, Point, 1, 4, 48, 1, 1.5, 500, 0.994995, 0
2, Point, 1, 5, 32, 0.5, 2.5, 200, 1.28601, 0
2, Point, 1, 5, 32, 0.5, 2.5, 350, 1.08295, 0
2, Point, 1, 5, 32, 0.5, 2.5, 200, 1.30103, 0
2, Point, 1, 5, 32, 0.5, 2.5, 200, 1.72101, 0
2, Point, 1, 5, 32, 0.5, 2.5, 350, 1.23499, 0
2, Point, 1, 5, 32, 0.5, 2.5, 500, 1.32397, 0
2, Point, 1, 5, 32, 0.5, 2.5, 500, 1.21698, 0
2, Point, 1, 5, 32, 0.5, 2.5, 350, 1.216, 0
2, Point, 1, 5, 32, 0.5, 2.5, 500, 1.349, 0
2, Point, 1, 6, 48, 1, 2.5, 200, 0.859985, 0
2, Point, 1, 6, 48, 1, 2.5, 350, 1.16998, 0
2, Point, 1, 6, 48, 1, 2.5, 500, 1.11298, 0
2, Point, 1, 6, 48, 1, 2.5, 500, 1.06201, 0
2, Point, 1, 6, 48, 1, 2.5, 200, 0.880005, 0
2, Point, 1, 6, 48, 1, 2.5, 500, 1.79999, 1
2, Point, 1, 6, 48, 1, 2.5, 350, 0.995972, 0
2, Point, 1, 6, 48, 1, 2.5, 350, 1.30005, 0
2, Point, 1, 6, 48, 1, 2.5, 200, 1.03094, 0
2, Point, 1, 7, 48, 0.5, 2.5, 500, 1.12195, 0
2, Point, 1, 7, 48, 0.5, 2.5, 500, 1.15698, 0
2, Point, 1, 7, 48, 0.5, 2.5, 350, 1.08099, 0
2, Point, 1, 7, 48, 0.5, 2.5, 200, 0.944031, 0
2, Point, 1, 7, 48, 0.5, 2.5, 350, 0.960022, 0
2, Point, 1, 7, 48, 0.5, 2.5, 200, 1.27301, 0
2, Point, 1, 7, 48, 0.5, 2.5, 500, 0.997986, 0
2, Point, 1, 7, 48, 0.5, 2.5, 350, 1.12799, 0
2, Point, 1, 7, 48, 0.5, 2.5, 200, 1.11505, 0
2, Point, 2, 0, 48, 0.5, 1.5, 200, 1.099, 0
2, Point, 2, 0, 48, 0.5, 1.5, 350, 0.928955, 0
2, Point, 2, 0, 48, 0.5, 1.5, 200, 1.34399, 0
2, Point, 2, 0, 48, 0.5, 1.5, 500, 1.31897, 0
2, Point, 2, 0, 48, 0.5, 1.5, 350, 1.03296, 0
2, Point, 2, 0, 48, 0.5, 1.5, 500, 0.958008, 0
2, Point, 2, 0, 48, 0.5, 1.5, 500, 1.79102, 0
2, Point, 2, 0, 48, 0.5, 1.5, 350, 1.10999, 0
2, Point, 2, 0, 48, 0.5, 1.5, 200, 1.34106, 0
2, Point, 2, 1, 32, 1, 1.5, 350, 1.28906, 0
2, Point, 2, 1, 32, 1, 1.5, 350, 1.35498, 0
2, Point, 2, 1, 32, 1, 1.5, 500, 0.889038, 0
2, Point, 2, 1, 32, 1, 1.5, 500, 1.328, 0
2, Point, 2, 1, 32, 1, 1.5, 200, 1.47705, 0
2, Point, 2, 1, 32, 1, 1.5, 200, 1.104, 0
2, Point, 2, 1, 32, 1, 1.5, 350, 1.23999, 0
2, Point, 2, 1, 32, 1, 1.5, 500, 1.44104, 0
2, Point, 2, 1, 32, 1, 1.5, 200, 1.08594, 0
2, Point, 2, 2, 32, 1, 2.5, 500, 1.052, 0
2, Point, 2, 2, 32, 1, 2.5, 350, 1.23804, 0
2, Point, 2, 2, 32, 1, 2.5, 500, 1.323, 0
2, Point, 2, 2, 32, 1, 2.5, 200, 1.10498, 0
2, Point, 2, 2, 32, 1, 2.5, 200, 0.988037, 0
2, Point, 2, 2, 32, 1, 2.5, 500, 1.40894, 0
2, Point, 2, 2, 32, 1, 2.5, 200, 1.04602, 0
2, Point, 2, 2, 32, 1, 2.5, 350, 1.03406, 0
2, Point, 2, 2, 32, 1, 2.5, 350, 1.25195, 0
2, Point, 2, 3, 48, 1, 2.5, 500, 1.047, 0
2, Point, 2, 3, 48, 1, 2.5, 350, 1.46899, 0
2, Point, 2, 3, 48, 1, 2.5, 500, 1.14001, 0
2, Point, 2, 3, 48, 1, 2.5, 350, 1.08606, 0
2, Point, 2, 3, 48, 1, 2.5, 200, 1.11597, 0
2, Point, 2, 3, 48, 1, 2.5, 200, 1.04199, 0
2, Point, 2, 3, 48, 1, 2.5, 200, 1.13196, 0
2, Point, 2, 3, 48, 1, 2.5, 500, 0.978027, 0
2, Point, 2, 3, 48, 1, 2.5, 350, 1.078, 0
2, Point, 2, 4, 32, 0.5, 1.5, 350, 1.45605, 0
2, Point, 2, 4, 32, 0.5, 1.5, 350, 1.75891, 0
2, Point, 2, 4, 32, 0.5, 1.5, 500, 1.21802, 0
2, Point, 2, 4, 32, 0.5, 1.5, 200, 0.984009, 0
2, Point, 2, 4, 32, 0.5, 1.5, 200, 1.31506, 0
2, Point, 2, 4, 32, 0.5, 1.5, 500, 1.33301, 0
2, Point, 2, 4, 32, 0.5, 1.5, 200, 1.302, 0
2, Point, 2, 4, 32, 0.5, 1.5, 350, 1.20093, 0
2, Point, 2, 4, 32, 0.5, 1.5, 500, 1.49707, 0
2, Point, 2, 5, 32, 0.5, 2.5, 500, 1.33398, 0
2, Point, 2, 5, 32, 0.5, 2.5, 500, 1.28394, 0
2, Point, 2, 5, 32, 0.5, 2.5, 350, 1.17993, 0
2, Point, 2, 5, 32, 0.5, 2.5, 350, 1.23511, 0
2, Point, 2, 5, 32, 0.5, 2.5, 500, 1.32898, 0
2, Point, 2, 5, 32, 0.5, 2.5, 200, 1.23193, 0
2, Point, 2, 5, 32, 0.5, 2.5, 200, 1.35205, 0
2, Point, 2, 5, 32, 0.5, 2.5, 350, 1.23303, 0
2, Point, 2, 5, 32, 0.5, 2.5, 200, 0.953979, 0
2, Point, 2, 6, 48, 1, 1.5, 500, 1.18506, 0
2, Point, 2, 6, 48, 1, 1.5, 200, 1.41602, 0
2, Point, 2, 6, 48, 1, 1.5, 200, 1.16797, 0
2, Point, 2, 6, 48, 1, 1.5, 500, 1.15503, 0
2, Point, 2, 6, 48, 1, 1.5, 350, 1.13403, 0
2, Point, 2, 6, 48, 1, 1.5, 350, 0.984985, 0
2, Point, 2, 6, 48, 1, 1.5, 500, 1.35693, 0
2, Point, 2, 6, 48, 1, 1.5, 200, 0.968018, 0
2, Point, 2, 6, 48, 1, 1.5, 350, 0.932007, 0
2, Point, 2, 7, 48, 0.5, 2.5, 200, 0.927979, 0
2, Point, 2, 7, 48, 0.5, 2.5, 500, 1.01501, 0
2, Point, 2, 7, 48, 0.5, 2.5, 350, 1.22302, 0
2, Point, 2, 7, 48, 0.5, 2.5, 350, 1.89197, 1
2, Point, 2, 7, 48, 0.5, 2.5, 500, 1.12708, 0
2, Point, 2, 7, 48, 0.5, 2.5, 350, 1.08191, 0
2, Point, 2, 7, 48, 0.5, 2.5, 200, 0.761108, 0
2, Point, 2, 7, 48, 0.5, 2.5, 200, 1.01794, 0
2, Point, 2, 7, 48, 0.5, 2.5, 500, 1.04895, 0
3, Point, 0, 0, 48, 0.5, 1.5, 500, 1.332, 0
3, Point, 0, 0, 48, 0.5, 1.5, 200, 1.14799, 0
3, Point, 0, 0, 48, 0.5, 1.5, 500, 1.229, 0
3, Point, 0, 0, 48, 0.5, 1.5, 350, 2.328, 1
3, Point, 0, 0, 48, 0.5, 1.5, 200, 1.338, 0
3, Point, 0, 0, 48, 0.5, 1.5, 500, 1.614, 0
3, Point, 0, 0, 48, 0.5, 1.5, 350, 2.288, 1
3, Point, 0, 0, 48, 0.5, 1.5, 350, 1.501, 0
3, Point, 0, 0, 48, 0.5, 1.5, 200, 1.11, 0
3, Point, 0, 1, 32, 1, 1.5, 200, 1.272, 0
3, Point, 0, 1, 32, 1, 1.5, 500, 1.673, 0
3, Point, 0, 1, 32, 1, 1.5, 350, 1.3, 0
3, Point, 0, 1, 32, 1, 1.5, 200, 1.304, 0
3, Point, 0, 1, 32, 1, 1.5, 500, 1.37, 0
3, Point, 0, 1, 32, 1, 1.5, 500, 1.517, 0
3, Point, 0, 1, 32, 1, 1.5, 200, 1.524, 0
3, Point, 0, 1, 32, 1, 1.5, 350, 1.577, 0
3, Point, 0, 1, 32, 1, 1.5, 350, 1.474, 0
3, Point, 0, 2, 32, 1, 2.5, 500, 1.711, 0
3, Point, 0, 2, 32, 1, 2.5, 350, 1.71201, 0
3, Point, 0, 2, 32, 1, 2.5, 500, 1.862, 0
3, Point, 0, 2, 32, 1, 2.5, 200, 1.304, 0
3, Point, 0, 2, 32, 1, 2.5, 350, 1.558, 0
3, Point, 0, 2, 32, 1, 2.5, 200, 1.17999, 0
3, Point, 0, 2, 32, 1, 2.5, 500, 1.39899, 0
3, Point, 0, 2, 32, 1, 2.5, 350, 1.40201, 0
3, Point, 0, 2, 32, 1, 2.5, 200, 1.245, 0
3, Point, 0, 3, 48, 1, 1.5, 350, 1.40201, 0
3, Point, 0, 3, 48, 1, 1.5, 200, 1.11301, 0
3, Point, 0, 3, 48, 1, 1.5, 200, 1.194, 0
3, Point, 0, 3, 48, 1, 1.5, 350, 1.00999, 0
3, Point, 0, 3, 48, 1, 1.5, 350, 1.32001, 0
3, Point, 0, 3, 48, 1, 1.5, 200, 1.215, 0
3, Point, 0, 3, 48, 1, 1.5, 500, 1.314, 0
3, Point, 0, 3, 48, 1, 1.5, 500, 1.44501, 0
3, Point, 0, 3, 48, 1, 1.5, 500, 1.45, 0
3, Point, 0, 4, 48, 1, 2.5, 200, 1.43199, 0
3, Point, 0, 4, 48, 1, 2.5, 350, 1.20399, 0
3, Point, 0, 4, 48, 1, 2.5, 200, 1.36299, 0
3, Point, 0, 4, 48, 1, 2.5, 500, 1.50301, 0
3, Point, 0, 4, 48, 1, 2.5, 350, 1.97699, 1
3, Point, 0, 4, 48, 1, 2.5, 500, 1.414, 0
3, Point, 0, 4, 48, 1, 2.5, 350, 1.39799, 0
3, Point, 0, 4, 48, 1, 2.5, 200, 1.23199, 0
3, Point, 0, 4, 48, 1, 2.5, 500, 1.84399, 0
3, Point, 0, 5, 48, 0.5, 2.5, 500, 1.145, 0
3, Point, 0, 5, 48, 0.5, 2.5, 200, 1.19899, 0
3, Point, 0, 5, 48, 0.5, 2.5, 350, 1.267, 0
3, Point, 0, 5, 48, 0.5, 2.5, 500, 1.41901, 0
3, Point, 0, 5, 48, 0.5, 2.5, 350, 1.666, 0
3, Point, 0, 5, 48, 0.5, 2.5, 500, 1.412, 0
3, Point, 0, 5, 48, 0.5, 2.5, 200, 1.40399, 0
3, Point, 0, 5, 48, 0.5, 2.5, 200, 1.263, 0
3, Point, 0, 5, 48, 0.5, 2.5, 350, 1.44901, 0
3, Point, 0, 6, 32, 0.5, 1.5, 500, 1.74001, 0
3, Point, 0, 6, 32, 0.5, 1.5, 350, 1.284, 0
3, Point, 0, 6, 32, 0.5, 1.5, 350, 1.386, 0
3, Point, 0, 6, 32, 0.5, 1.5, 350, 1.54599, 0
3, Point, 0, 6, 32, 0.5, 1.5, 500, 1.317, 0
3, Point, 0, 6, 32, 0.5, 1.5, 500, 1.457, 0
3, Point, 0, 6, 32, 0.5, 1.5, 200, 1.28101, 0
3, Point, 0, 6, 32, 0.5, 1.5, 200, 1.401, 0
3, Point, 0, 6, 32, 0.5, 1.5, 200, 1.817, 1
3, Point, 0, 7, 32, 0.5, 2.5, 350, 1.439, 0
3, Point, 0, 7, 32, 0.5, 2.5, 500, 1.092, 0
3, Point, 0, 7, 32, 0.5, 2.5, 200, 1.319, 0
3, Point, 0, 7, 32, 0.5, 2.5, 200, 1.26001, 0
3, Point, 0, 7, 32, 0.5, 2.5, 500, 1.709, 0
3, Point, 0, 7, 32, 0.5, 2.5, 350, 1.604, 0
3, Point, 0, 7, 32, 0.5, 2.5, 200, 1.368, 0
3, Point, 0, 7, 32, 0.5, 2.5, 500, 1.43401, 0
3, Point, 0, 7, 32, 0.5, 2.5, 350, 1.673, 0
3, Point, 1, 0, 32, 0.5, 2.5, 350, 2.782, 2
3, Point, 1, 0, 32, 0.5, 2.5, 500, 1.755, 0
3, Point, 1, 0, 32, 0.5, 2.5, 500, 1.368, 0
3, Point, 1, 0, 32, 0.5, 2.5, 200, 1.45801, 0
3, Point, 1, 0, 32, 0.5, 2.5, 350, 1.47101, 0
3, Point, 1, 0, 32, 0.5, 2.5, 200, 1.55199, 0
3, Point, 1, 0, 32, 0.5, 2.5, 350, 1.58501, 0
3, Point, 1, 0, 32, 0.5, 2.5, 500, 2.10699, 0
3, Point, 1, 0, 32, 0.5, 2.5, 200, 2.543, 0
3, Point, 1, 1, 48, 1, 2.5, 500, 1.49901, 0
3, Point, 1, 1, 48, 1, 2.5, 350, 1.433, 0
3, Point, 1, 1, 48, 1, 2.5, 200, 1.181, 0
3, Point, 1, 1, 48, 1, 2.5, 200, 1.14999, 0
3, Point, 1, 1, 48, 1, 2.5, 350, 1.46901, 0
3, Point, 1, 1, 48, 1, 2.5, 200, 1.216, 0
3, Point, 1, 1, 48, 1, 2.5, 350, 1.29999, 0
3, Point, 1, 1, 48, 1, 2.5, 500, 1.349, 0
3, Point, 1, 1, 48, 1, 2.5, 500, 1.168, 0
3, Point, 1, 2, 32, 0.5, 1.5, 350, 1.31699, 0
3, Point, 1, 2, 32, 0.5, 1.5, 500, 1.448, 0
3, Point, 1, 2, 32, 0.5, 1.5, 350, 1.29202, 0
3, Point, 1, 2, 32, 0.5, 1.5, 200, 1.34698, 0
3, Point, 1, 2, 32, 0.5, 1.5, 200, 1.255, 0
3, Point, 1, 2, 32, 0.5, 1.5, 200, 1.49799, 0
3, Point, 1, 2, 32, 0.5, 1.5, 500, 1.64902, 0
3, Point, 1, 2, 32, 0.5, 1.5, 350, 1.634, 0
3, Point, 1, 2, 32, 0.5, 1.5, 500, 1.716, 0
3, Point, 1, 3, 48, 1, 1.5, 200, 1.32999, 0
3, Point, 1, 3, 48, 1, 1.5, 350, 1.44901, 0
3, Point, 1, 3, 48, 1, 1.5, 350, 1.289, 0
3, Point, 1, 3, 48, 1, 1.5, 200, 1.48199, 0
3, Point, 1, 3, 48, 1, 1.5, 500, 1.603, 0
3, Point, 1, 3, 48, 1, 1.5, 500, 2.19501, 1
3, Point, 1, 3, 48, 1, 1.5, 500, 1.53897, 0
3, Point, 1, 3, 48, 1, 1.5, 200, 1.20001, 0
3, Point, 1, 3, 48, 1, 1.5, 350, 1.29901, 0
3, Point, 1, 4, 48, 0.5, 2.5, 500, 1.41101, 0
3, Point, 1, 4, 48, 0.5, 2.5, 500, 1.311, 0
3, Point, 1, 4, 48, 0.5, 2.5, 350, 1.46301, 0
3, Point, 1, 4, 48, 0.5, 2.5, 350, 1.23001, 0
3, Point, 1, 4, 48, 0.5, 2.5, 200, 1.27899, 0
3, Point, 1, 4, 48, 0.5, 2.5, 200, 1.32001, 0
3, Point, 1, 4, 48, 0.5, 2.5, 200, 1.24301, 0
3, Point, 1, 4, 48, 0.5, 2.5, 500, 1.49799, 0
3, Point, 1, 4, 48, 0.5, 2.5, 350, 1.30502, 0
3, Point, 1, 5, 48, 0.5, 1.5, 200, 1.177, 0
3, Point, 1, 5, 48, 0.5, 1.5, 500, 1.638, 0
3, Point, 1, 5, 48, 0.5, 1.5, 500, 1.18201, 0
3, Point, 1, 5, 48, 0.5, 1.5, 200, 1.147, 0
3, Point, 1, 5, 48, 0.5, 1.5, 350, 1.23801, 0
3, Point, 1, 5, 48, 0.5, 1.5, 350, 1.24802, 0
3, Point, 1, 5, 48, 0.5, 1.5, 350, 1.37997, 0
3, Point, 1, 5, 48, 0.5, 1.5, 500, 1.38202, 0
3, Point, 1, 5, 48, 0.5, 1.5, 200, 1.34299, 0
3, Point, 1, 6, 32, 1, 2.5, 500, 1.73801, 0
3, Point, 1, 6, 32, 1, 2.5, 350, 1.76297, 0
3, Point, 1, 6, 32, 1, 2.5, 200, 1.39801, 0
3, Point, 1, 6, 32, 1, 2.5, 500, 1.64301, 0
3, Point, 1, 6, 32, 1, 2.5, 350, 1.71899, 0
3, Point, 1, 6, 32, 1, 2.5, 500, 1.776, 0
3, Point, 1, 6, 32, 1, 2.5, 200, 1.50702, 0
3, Point, 1, 6, 32, 1, 2.5, 350, 1.65997, 0
3, Point, 1, 6, 32, 1, 2.5, 200, 1.604, 0
3, Point, 1, 7, 32, 1, 1.5, 200, 2.74799, 0
3, Point, 1, 7, 32, 1, 1.5, 200, 1.552, 0
3, Point, 1, 7, 32, 1, 1.5, 500, 1.452, 0
3, Point, 1, 7, 32, 1, 1.5, 350, 1.43701, 0
3, Point, 1, 7, 32, 1, 1.5, 500, 1.46399, 0
3, Point, 1, 7, 32, 1, 1.5, 200, 1.57401, 0
3, Point, 1, 7, 32, 1, 1.5, 500, 1.901, 0
3, Point, 1, 7, 32, 1, 1.5, 350, 1.51901, 0
3, Point, 1, 7, 32, 1, 1.5, 350, 1.526, 0
3, Point, 2, 0, 32, 1, 1.5, 200, 1.44501, 0
3, Point, 2, 0, 32, 1, 1.5, 500, 1.30402, 0
3, Point, 2, 0, 32, 1, 1.5, 500, 1.603, 0
3, Point, 2, 0, 32, 1, 1.5, 350, 1.92499, 0
3, Point, 2, 0, 32, 1, 1.5, 200, 1.202, 0
3, Point, 2, 0, 32, 1, 1.5, 200, 1.40201, 0
3, Point, 2, 0, 32, 1, 1.5, 350, 1.384, 0
3, Point, 2, 0, 32, 1, 1.5, 500, 1.61499, 0
3, Point, 2, 0, 32, 1, 1.5, 350, 1.39999, 0
3, Point, 2, 1, 48, 0.5, 2.5, 200, 1.36902, 0
3, Point, 2, 1, 48, 0.5, 2.5, 350, 1.228, 0
3, Point, 2, 1, 48, 0.5, 2.5, 500, 1.38199, 0
3, Point, 2, 1, 48, 0.5, 2.5, 200, 1.29102, 0
3, Point, 2, 1, 48, 0.5, 2.5, 350, 1.29999, 0
3, Point, 2, 1, 48, 0.5, 2.5, 500, 1.47101, 0
3, Point, 2, 1, 48, 0.5, 2.5, 350, 1.556, 0
3, Point, 2, 1, 48, 0.5, 2.5, 500, 1.453, 0
3, Point, 2, 1, 48, 0.5, 2.5, 200, 1.15298, 0
3, Point, 2, 2, 32, 0.5, 2.5, 200, 1.31601, 0
3, Point, 2, 2, 32, 0.5, 2.5, 500, 1.51898, 0
3, Point, 2, 2, 32, 0.5, 2.5, 350, 1.46899, 0
3, Point, 2, 2, 32, 0.5, 2.5, 500, 2.03302, 1
3, Point, 2, 2, 32, 0.5, 2.5, 350, 1.539, 0
3, Point, 2, 2, 32, 0.5, 2.5, 500, 1.68301, 0
3, Point, 2, 2, 32, 0.5, 2.5, 200, 1.29901, 0
3, Point, 2, 2, 32, 0.5, 2.5, 200, 1.36603, 0
3, Point, 2, 2, 32, 0.5, 2.5, 350, 1.39902, 0
3, Point, 2, 3, 48, 1, 1.5, 500, 1.31601, 0
3, Point, 2, 3, 48, 1, 1.5, 350, 1.142, 0
3, Point, 2, 3, 48, 1, 1.5, 200, 1.36398, 0
3, Point, 2, 3, 48, 1, 1.5, 350, 1.33102, 0
3, Point, 2, 3, 48, 1, 1.5, 500, 1.21298, 0
3, Point, 2, 3, 48, 1, 1.5, 500, 1.37201, 0
3, Point, 2, 3, 48, 1, 1.5, 200, 1.46701, 0
3, Point, 2, 3, 48, 1, 1.5, 350, 1.082, 0
3, Point, 2, 3, 48, 1, 1.5, 200, 1.38901, 0
3, Point, 2, 4, 32, 0.5, 1.5, 500, 1.38602, 0
3, Point, 2, 4, 32, 0.5, 1.5, 350, 1.56702, 0
3, Point, 2, 4, 32, 0.5, 1.5, 200, 1.64999, 0
3, Point, 2, 4, 32, 0.5, 1.5, 500, 1.314, 0
3, Point, 2, 4, 32, 0.5, 1.5, 200, 1.26501, 0
3, Point, 2, 4, 32, 0.5, 1.5, 350, 1.41699, 0
3, Point, 2, 4, 32, 0.5, 1.5, 200, 1.37201, 0
3, Point, 2, 4, 32, 0.5, 1.5, 500, 1.73499, 0
3, Point, 2, 4, 32, 0.5, 1.5, 350, 1.534, 0
3, Point, 2, 5, 32, 1, 2.5, 200, 1.40799, 0
3, Point, 2, 5, 32, 1, 2.5, 500, 1.694, 0
3, Point, 2, 5, 32, 1, 2.5, 350, 1.65601, 0
3, Point, 2, 5, 32, 1, 2.5, 500, 1.68201, 0
3, Point, 2, 5, 32, 1, 2.5, 200, 1.10199, 0
3, Point, 2, 5, 32, 1, 2.5, 200, 1.62698, 0
3, Point, 2, 5, 32, 1, 2.5, 500, 1.60101, 0
3, Point, 2, 5, 32, 1, 2.5, 350, 1.466, 0
3, Point, 2, 5, 32, 1, 2.5, 350, 1.34698, 0
3, Point, 2, 6, 48, 1, 2.5, 200, 1.11298, 0
3, Point, 2, 6, 48, 1, 2.5, 500, 1.32001, 0
3, Point, 2, 6, 48, 1, 2.5, 500, 1.19699, 0
3, Point, 2, 6, 48, 1, 2.5, 350, 1.379, 0
3, Point, 2, 6, 48, 1, 2.5, 200, 1.04501, 0
3, Point, 2, 6, 48, 1, 2.5, 200, 1.354, 0
3, Point, 2, 6, 48, 1, 2.5, 350, 1.185, 0
3, Point, 2, 6, 48, 1, 2.5, 500, 1.24301, 0
3, Point, 2, 6, 48, 1, 2.5, 350, 1.34201, 0
3, Point, 2, 7, 48, 0.5, 1.5, 350, 1.16299, 0
3, Point, 2, 7, 48, 0.5, 1.5, 200, 1.013, 0
3, Point, 2, 7, 48, 0.5, 1.5, 500, 1.41602, 0
3, Point, 2, 7, 48, 0.5, 1.5, 200, 1.17899, 0
3, Point, 2, 7, 48, 0.5, 1.5, 350, 2.08701, 0
3, Point, 2, 7, 48, 0.5, 1.5, 350, 1.35397, 0
3, Point, 2, 7, 48, 0.5, 1.5, 500, 1.181, 0
3, Point, 2, 7, 48, 0.5, 1.5, 500, 1.349, 0
3, Point, 2, 7, 48, 0.5, 1.5, 200, 1.14102, 0
3, Bubble, 0, 0, 32, 1, 2.5, 500, 1.38397, 0
3, Bubble, 0, 0, 32, 1, 2.5, 350, 0.981995, 0
3, Bubble, 0, 0, 32, 1, 2.5, 500, 1.13, 0
3, Bubble, 0, 0, 32, 1, 2.5, 500, 1.24603, 0
3, Bubble, 0, 0, 32, 1, 2.5, 350, 1.17401, 0
3, Bubble, 0, 0, 32, 1, 2.5, 200, 0.947021, 0
3, Bubble, 0, 0, 32, 1, 2.5, 200, 1.16998, 0
3, Bubble, 0, 0, 32, 1, 2.5, 200, 0.981995, 0
3, Bubble, 0, 0, 32, 1, 2.5, 350, 1.11597, 0
3, Bubble, 0, 1, 48, 0.5, 1.5, 500, 1.10999, 0
3, Bubble, 0, 1, 48, 0.5, 1.5, 350, 0.945984, 0
3, Bubble, 0, 1, 48, 0.5, 1.5, 200, 0.947998, 0
3, Bubble, 0, 1, 48, 0.5, 1.5, 500, 1.11902, 0
3, Bubble, 0, 1, 48, 0.5, 1.5, 500, 1.16302, 0
3, Bubble, 0, 1, 48, 0.5, 1.5, 350, 1.06299, 0
3, Bubble, 0, 1, 48, 0.5, 1.5, 200, 0.896973, 0
3, Bubble, 0, 1, 48, 0.5, 1.5, 200, 0.763, 0
3, Bubble, 0, 1, 48, 0.5, 1.5, 350, 1.23102, 0
3, Bubble, 0, 2, 32, 0.5, 2.5, 200, 0.995972, 0
3, Bubble, 0, 2, 32, 0.5, 2.5, 500, 1.34503, 0
3, Bubble, 0, 2, 32, 0.5, 2.5, 200, 0.94397, 0
3, Bubble, 0, 2, 32, 0.5, 2.5, 200, 0.957031, 0
3, Bubble, 0, 2, 32, 0.5, 2.5, 350, 1.06598, 0
3, Bubble, 0, 2, 32, 0.5, 2.5, 500, 1.05798, 0
3, Bubble, 0, 2, 32, 0.5, 2.5, 500, 1.28101, 0
3, Bubble, 0, 2, 32, 0.5, 2.5, 350, 1.01001, 0
3, Bubble, 0, 2, 32, 0.5, 2.5, 350, 1.151, 1
3, Bubble, 0, 3, 32, 0.5, 1.5, 350, 1.263, 0
3, Bubble, 0, 3, 32, 0.5, 1.5, 500, 1.14697, 0
3, Bubble, 0, 3, 32, 0.5, 1.5, 350, 1.047, 0
3, Bubble, 0, 3, 32, 0.5, 1.5, 200, 0.897034, 0
3, Bubble, 0, 3, 32, 0.5, 1.5, 200, 1.151, 0
3, Bubble, 0, 3, 32, 0.5, 1.5, 500, 1.16498, 0
3, Bubble, 0, 3, 32, 0.5, 1.5, 200, 1.12201, 0
3, Bubble, 0, 3, 32, 0.5, 1.5, 350, 1.08197, 0
3, Bubble, 0, 3, 32, 0.5, 1.5, 500, 0.97699, 0
3, Bubble, 0, 4, 48, 1, 1.5, 500, 1.5, 0
3, Bubble, 0, 4, 48, 1, 1.5, 500, 1.21802, 0
3, Bubble, 0, 4, 48, 1, 1.5, 350, 1.02997, 0
3, Bubble, 0, 4, 48, 1, 1.5, 350, 0.981018, 0
3, Bubble, 0, 4, 48, 1, 1.5, 500, 1.10901, 0
3, Bubble, 0, 4, 48, 1, 1.5, 200, 0.977966, 0
3, Bubble, 0, 4, 48, 1, 1.5, 200, 0.959961, 0
3, Bubble, 0, 4, 48, 1, 1.5, 350, 0.993042, 0
3, Bubble, 0, 4, 48, 1, 1.5, 200, 0.843994, 0
3, Bubble, 0, 5, 48, 1, 2.5, 200, 0.924988, 0
3, Bubble, 0, 5, 48, 1, 2.5, 500, 0.880005, 0
3, Bubble, 0, 5, 48, 1, 2.5, 200, 0.912964, 0
3, Bubble, 0, 5, 48, 1, 2.5, 500, 0.893005, 0
3, Bubble, 0, 5, 48, 1, 2.5, 200, 0.825012, 0
3, Bubble, 0, 5, 48, 1, 2.5, 350, 0.862976, 0
3, Bubble, 0, 5, 48, 1, 2.5, 350, 0.893005, 0
3, Bubble, 0, 5, 48, 1, 2.5, 350, 0.893005, 0
3, Bubble, 0, 5, 48, 1, 2.5, 500, 0.796997, 0
3, Bubble, 0, 6, 32, 1, 1.5, 500, 1.862, 0
3, Bubble, 0, 6, 32, 1, 1.5, 200, 1.15002, 0
3, Bubble, 0, 6, 32, 1, 1.5, 350, 0.963013, 0
3, Bubble, 0, 6, 32, 1, 1.5, 200, 1.20398, 0
3, Bubble, 0, 6, 32, 1, 1.5, 350, 0.999023, 0
3, Bubble, 0, 6, 32, 1, 1.5, 200, 1.08398, 0
3, Bubble, 0, 6, 32, 1, 1.5, 350, 1.30402, 0
3, Bubble, 0, 6, 32, 1, 1.5, 500, 1.04602, 0
3, Bubble, 0, 6, 32, 1, 1.5, 500, 1.20898, 0
3, Bubble, 0, 7, 48, 0.5, 2.5, 200, 1.19598, 0
3, Bubble, 0, 7, 48, 0.5, 2.5, 500, 0.992004, 0
3, Bubble, 0, 7, 48, 0.5, 2.5, 350, 1.08002, 0
3, Bubble, 0, 7, 48, 0.5, 2.5, 350, 0.80603, 0
3, Bubble, 0, 7, 48, 0.5, 2.5, 200, 0.738953, 0
3, Bubble, 0, 7, 48, 0.5, 2.5, 200, 0.872986, 0
3, Bubble, 0, 7, 48, 0.5, 2.5, 500, 0.82605, 0
3, Bubble, 0, 7, 48, 0.5, 2.5, 500, 1.07697, 0
3, Bubble, 0, 7, 48, 0.5, 2.5, 350, 1.07794, 0
3, Bubble, 1, 0, 32, 0.5, 2.5, 350, 1.31702, 0
3, Bubble, 1, 0, 32, 0.5, 2.5, 500, 1.21002, 0
3, Bubble, 1, 0, 32, 0.5, 2.5, 500, 1.37, 0
3, Bubble, 1, 0, 32, 0.5, 2.5, 200, 0.951965, 0
3, Bubble, 1, 0, 32, 0.5, 2.5, 500, 0.988037, 0
3, Bubble, 1, 0, 32, 0.5, 2.5, 350, 0.862, 0
3, Bubble, 1, 0, 32, 0.5, 2.5, 350, 1.12201, 0
3, Bubble, 1, 0, 32, 0.5, 2.5, 200, 0.809998, 0
3, Bubble, 1, 0, 32, 0.5, 2.5, 200, 1.18097, 0
3, Bubble, 1, 1, 32, 1, 1.5, 350, 1.34998, 0
3, Bubble, 1, 1, 32, 1, 1.5, 500, 1.21405, 0
3, Bubble, 1, 1, 32, 1, 1.5, 200, 1.026, 0
3, Bubble, 1, 1, 32, 1, 1.5, 500, 1.20099, 0
3, Bubble, 1, 1, 32, 1, 1.5, 350, 1.23596, 0
3, Bubble, 1, 1, 32, 1, 1.5, 200, 0.894958, 0
3, Bubble, 1, 1, 32, 1, 1.5, 200, 1.06799, 0
3, Bubble, 1, 1, 32, 1, 1.5, 500, 1.13501, 0
3, Bubble, 1, 1, 32, 1, 1.5, 350, 1.13397, 0
3, Bubble, 1, 2, 32, 1, 2.5, 200, 1.289, 0
3, Bubble, 1, 2, 32, 1, 2.5, 200, 1.03101, 0
3, Bubble, 1, 2, 32, 1, 2.5, 500, 1.06702, 0
3, Bubble, 1, 2, 32, 1, 2.5, 500, 1.50702, 0
3, Bubble, 1, 2, 32, 1, 2.5, 350, 1.31799, 0
3, Bubble, 1, 2, 32, 1, 2.5, 350, 1.10101, 0
3, Bubble, 1, 2, 32, 1, 2.5, 500, 1.11298, 0
3, Bubble, 1, 2, 32, 1, 2.5, 350, 1.24902, 0
3, Bubble, 1, 2, 32, 1, 2.5, 200, 1.04797, 0
3, Bubble, 1, 3, 48, 1, 1.5, 200, 0.966003, 0
3, Bubble, 1, 3, 48, 1, 1.5, 350, 0.914001, 0
3, Bubble, 1, 3, 48, 1, 1.5, 500, 1.008, 0
3, Bubble, 1, 3, 48, 1, 1.5, 350, 0.94696, 0
3, Bubble, 1, 3, 48, 1, 1.5, 500, 1.04303, 0
3, Bubble, 1, 3, 48, 1, 1.5, 500, 0.974976, 0
3, Bubble, 1, 3, 48, 1, 1.5, 200, 1.04297, 0
3, Bubble, 1, 3, 48, 1, 1.5, 200, 0.877991, 0
3, Bubble, 1, 3, 48, 1, 1.5, 350, 0.845032, 0
3, Bubble, 1, 4, 32, 0.5, 1.5, 350, 1.39398, 0
3, Bubble, 1, 4, 32, 0.5, 1.5, 500, 1.065, 0
3, Bubble, 1, 4, 32, 0.5, 1.5, 350, 1.20898, 0
3, Bubble, 1, 4, 32, 0.5, 1.5, 500, 1.026, 0
3, Bubble, 1, 4, 32, 0.5, 1.5, 200, 1.09796, 0
3, Bubble, 1, 4, 32, 0.5, 1.5, 350, 0.980042, 0
3, Bubble, 1, 4, 32, 0.5, 1.5, 200, 0.940002, 0
3, Bubble, 1, 4, 32, 0.5, 1.5, 500, 1.11395, 0
3, Bubble, 1, 4, 32, 0.5, 1.5, 200, 1.17902, 0
3, Bubble, 1, 5, 48, 1, 2.5, 500, 0.995972, 0
3, Bubble, 1, 5, 48, 1, 2.5, 500, 0.877014, 0
3, Bubble, 1, 5, 48, 1, 2.5, 350, 0.944031, 0
3, Bubble, 1, 5, 48, 1, 2.5, 200, 1.013, 0
3, Bubble, 1, 5, 48, 1, 2.5, 500, 0.857971, 0
3, Bubble, 1, 5, 48, 1, 2.5, 350, 0.897034, 0
3, Bubble, 1, 5, 48, 1, 2.5, 200, 0.897949, 0
3, Bubble, 1, 5, 48, 1, 2.5, 200, 0.842041, 0
3, Bubble, 1, 5, 48, 1, 2.5, 350, 1.07898, 0
3, Bubble, 1, 6, 48, 0.5, 1.5, 200, 0.955994, 0
3, Bubble, 1, 6, 48, 0.5, 1.5, 500, 0.955017, 0
3, Bubble, 1, 6, 48, 0.5, 1.5, 350, 0.890015, 0
3, Bubble, 1, 6, 48, 0.5, 1.5, 500, 1.04199, 0
3, Bubble, 1, 6, 48, 0.5, 1.5, 500, 0.887024, 0
3, Bubble, 1, 6, 48, 0.5, 1.5, 200, 0.809021, 0
3, Bubble, 1, 6, 48, 0.5, 1.5, 350, 0.953979, 0
3, Bubble, 1, 6, 48, 0.5, 1.5, 350, 0.929016, 0
3, Bubble, 1, 6, 48, 0.5, 1.5, 200, 0.999023, 0
3, Bubble, 1, 7, 48, 0.5, 2.5, 500, 0.992981, 0
3, Bubble, 1, 7, 48, 0.5, 2.5, 350, 0.979004, 0
3, Bubble, 1, 7, 48, 0.5, 2.5, 350, 0.853027, 0
3, Bubble, 1, 7, 48, 0.5, 2.5, 350, 0.992981, 0
3, Bubble, 1, 7, 48, 0.5, 2.5, 500, 1.08002, 0
3, Bubble, 1, 7, 48, 0.5, 2.5, 500, 0.976013, 0
3, Bubble, 1, 7, 48, 0.5, 2.5, 200, 0.876953, 0
3, Bubble, 1, 7, 48, 0.5, 2.5, 200, 0.963013, 0
3, Bubble, 1, 7, 48, 0.5, 2.5, 200, 0.874023, 0
3, Bubble, 2, 0, 32, 0.5, 1.5, 500, 1.35901, 0
3, Bubble, 2, 0, 32, 0.5, 1.5, 500, 1.19397, 0
3, Bubble, 2, 0, 32, 0.5, 1.5, 200, 1.065, 0
3, Bubble, 2, 0, 32, 0.5, 1.5, 200, 1.20905, 0
3, Bubble, 2, 0, 32, 0.5, 1.5, 350, 1.03101, 0
3, Bubble, 2, 0, 32, 0.5, 1.5, 350, 0.979004, 0
3, Bubble, 2, 0, 32, 0.5, 1.5, 200, 0.873962, 0
3, Bubble, 2, 0, 32, 0.5, 1.5, 500, 1.87701, 0
3, Bubble, 2, 0, 32, 0.5, 1.5, 350, 0.92395, 0
3, Bubble, 2, 1, 48, 1, 1.5, 350, 0.847046, 0
3, Bubble, 2, 1, 48, 1, 1.5, 200, 0.810974, 0
3, Bubble, 2, 1, 48, 1, 1.5, 200, 0.899048, 0
3, Bubble, 2, 1, 48, 1, 1.5, 500, 1.67401, 1
3, Bubble, 2, 1, 48, 1, 1.5, 350, 0.912964, 0
3, Bubble, 2, 1, 48, 1, 1.5, 500, 0.878052, 0
3, Bubble, 2, 1, 48, 1, 1.5, 200, 0.78595, 0
3, Bubble, 2, 1, 48, 1, 1.5, 500, 1.11102, 0
3, Bubble, 2, 1, 48, 1, 1.5, 350, 0.965027, 0
3, Bubble, 2, 2, 32, 0.5, 2.5, 350, 0.994019, 0
3, Bubble, 2, 2, 32, 0.5, 2.5, 350, 1.33203, 0
3, Bubble, 2, 2, 32, 0.5, 2.5, 500, 1.03302, 0
3, Bubble, 2, 2, 32, 0.5, 2.5, 200, 0.856018, 0
3, Bubble, 2, 2, 32, 0.5, 2.5, 350, 1.06598, 0
3, Bubble, 2, 2, 32, 0.5, 2.5, 500, 1.04803, 0
3, Bubble, 2, 2, 32, 0.5, 2.5, 200, 0.726013, 0
3, Bubble, 2, 2, 32, 0.5, 2.5, 500, 1.01202, 0
3, Bubble, 2, 2, 32, 0.5, 2.5, 200, 0.877991, 0
3, Bubble, 2, 3, 48, 0.5, 1.5, 500, 1.32501, 0
3, Bubble, 2, 3, 48, 0.5, 1.5, 200, 1.10803, 0
3, Bubble, 2, 3, 48, 0.5, 1.5, 350, 0.875, 0
3, Bubble, 2, 3, 48, 0.5, 1.5, 500, 0.913025, 0
3, Bubble, 2, 3, 48, 0.5, 1.5, 350, 1.10095, 0
3, Bubble, 2, 3, 48, 0.5, 1.5, 200, 0.927002, 0
3, Bubble, 2, 3, 48, 0.5, 1.5, 350, 0.89502, 0
3, Bubble, 2, 3, 48, 0.5, 1.5, 500, 1.03101, 0
3, Bubble, 2, 3, 48, 0.5, 1.5, 200, 0.961975, 0
3, Bubble, 2, 4, 32, 1, 2.5, 500, 1.26599, 0
3, Bubble, 2, 4, 32, 1, 2.5, 350, 0.999023, 0
3, Bubble, 2, 4, 32, 1, 2.5, 200, 0.847961, 0
3, Bubble, 2, 4, 32, 1, 2.5, 350, 1.138, 0
3, Bubble, 2, 4, 32, 1, 2.5, 500, 0.876038, 0
3, Bubble, 2, 4, 32, 1, 2.5, 350, 1.11499, 0
3, Bubble, 2, 4, 32, 1, 2.5, 200, 0.880981, 0
3, Bubble, 2, 4, 32, 1, 2.5, 500, 1.03101, 0
3, Bubble, 2, 4, 32, 1, 2.5, 200, 0.914001, 0
3, Bubble, 2, 5, 48, 1, 2.5, 350, 0.930054, 0
3, Bubble, 2, 5, 48, 1, 2.5, 500, 0.895996, 0
3, Bubble, 2, 5, 48, 1, 2.5, 500, 0.960022, 0
3, Bubble, 2, 5, 48, 1, 2.5, 500, 0.872009, 0
3, Bubble, 2, 5, 48, 1, 2.5, 200, 0.997986, 0
3, Bubble, 2, 5, 48, 1, 2.5, 200, 0.927979, 0
3, Bubble, 2, 5, 48, 1, 2.5, 350, 0.960022, 0
3, Bubble, 2, 5, 48, 1, 2.5, 350, 0.760986, 0
3, Bubble, 2, 5, 48, 1, 2.5, 200, 0.944031, 0
3, Bubble, 2, 6, 48, 0.5, 2.5, 500, 1.26501, 0
3, Bubble, 2, 6, 48, 0.5, 2.5, 350, 0.871033, 0
3, Bubble, 2, 6, 48, 0.5, 2.5, 350, 0.921997, 0
3, Bubble, 2, 6, 48, 0.5, 2.5, 200, 1.02899, 0
3, Bubble, 2, 6, 48, 0.5, 2.5, 500, 0.963013, 0
3, Bubble, 2, 6, 48, 0.5, 2.5, 500, 1.073, 0
3, Bubble, 2, 6, 48, 0.5, 2.5, 350, 0.983032, 0
3, Bubble, 2, 6, 48, 0.5, 2.5, 200, 0.842957, 0
3, Bubble, 2, 6, 48, 0.5, 2.5, 200, 0.825989, 0
3, Bubble, 2, 7, 32, 1, 1.5, 350, 0.953003, 0
3, Bubble, 2, 7, 32, 1, 1.5, 200, 1.03204, 0
3, Bubble, 2, 7, 32, 1, 1.5, 500, 1.151, 0
3, Bubble, 2, 7, 32, 1, 1.5, 350, 1.04797, 0
3, Bubble, 2, 7, 32, 1, 1.5, 350, 0.993042, 0
3, Bubble, 2, 7, 32, 1, 1.5, 200, 0.848999, 0
3, Bubble, 2, 7, 32, 1, 1.5, 200, 0.932983, 0
3, Bubble, 2, 7, 32, 1, 1.5, 500, 1.36499, 0
3, Bubble, 2, 7, 32, 1, 1.5, 500, 1.46405, 0
4, Bubble, 0, 0, 48, 0.5, 2.5, 500, 1.119, 0
4, Bubble, 0, 0, 48, 0.5, 2.5, 350, 0.826996, 0
4, Bubble, 0, 0, 48, 0.5, 2.5, 350, 1.399, 1
4, Bubble, 0, 0, 48, 0.5, 2.5, 350, 0.778999, 0
4, Bubble, 0, 0, 48, 0.5, 2.5, 500, 0.809998, 0
4, Bubble, 0, 0, 48, 0.5, 2.5, 200, 1.215, 1
4, Bubble, 0, 0, 48, 0.5, 2.5, 200, 0.674995, 0
4, Bubble, 0, 0, 48, 0.5, 2.5, 500, 0.756004, 0
4, Bubble, 0, 0, 48, 0.5, 2.5, 200, 0.705002, 0
4, Bubble, 0, 1, 32, 1, 1.5, 350, 1.153, 0
4, Bubble, 0, 1, 32, 1, 1.5, 500, 1.134, 0
4, Bubble, 0, 1, 32, 1, 1.5, 500, 1.133, 0
4, Bubble, 0, 1, 32, 1, 1.5, 500, 1.223, 0
4, Bubble, 0, 1, 32, 1, 1.5, 200, 0.845001, 0
4, Bubble, 0, 1, 32, 1, 1.5, 200, 0.779999, 0
4, Bubble, 0, 1, 32, 1, 1.5, 350, 0.915001, 0
4, Bubble, 0, 1, 32, 1, 1.5, 200, 0.849998, 0
4, Bubble, 0, 1, 32, 1, 1.5, 350, 0.849998, 0
4, Bubble, 0, 2, 48, 1, 2.5, 350, 0.898003, 0
4, Bubble, 0, 2, 48, 1, 2.5, 500, 0.694, 0
4, Bubble, 0, 2, 48, 1, 2.5, 500, 1.15, 0
4, Bubble, 0, 2, 48, 1, 2.5, 350, 0.862, 0
4, Bubble, 0, 2, 48, 1, 2.5, 200, 0.607002, 0
4, Bubble, 0, 2, 48, 1, 2.5, 200, 0.674004, 0
4, Bubble, 0, 2, 48, 1, 2.5, 350, 0.75499, 0
4, Bubble, 0, 2, 48, 1, 2.5, 500, 0.776001, 0
4, Bubble, 0, 2, 48, 1, 2.5, 200, 0.526001, 0
4, Bubble, 0, 3, 32, 0.5, 1.5, 350, 0.779999, 0
4, Bubble, 0, 3, 32, 0.5, 1.5, 500, 0.875, 0
4, Bubble, 0, 3, 32, 0.5, 1.5, 200, 0.790009, 0
4, Bubble, 0, 3, 32, 0.5, 1.5, 500, 1.103, 0
4, Bubble, 0, 3, 32, 0.5, 1.5, 350, 1.064, 0
4, Bubble, 0, 3, 32, 0.5, 1.5, 350, 0.847, 0
4, Bubble, 0, 3, 32, 0.5, 1.5, 200, 0.794998, 0
4, Bubble, 0, 3, 32, 0.5, 1.5, 200, 1.132, 1
4, Bubble, 0, 3, 32, 0.5, 1.5, 500, 1.13199, 1
4, Bubble, 0, 4, 48, 0.5, 1.5, 200, 0.826004, 0
4, Bubble, 0, 4, 48, 0.5, 1.5, 500, 0.87999, 0
4, Bubble, 0, 4, 48, 0.5, 1.5, 200, 0.910004, 0
4, Bubble, 0, 4, 48, 0.5, 1.5, 500, 0.762009, 0
4, Bubble, 0, 4, 48, 0.5, 1.5, 200, 0.676987, 0
4, Bubble, 0, 4, 48, 0.5, 1.5, 500, 0.828003, 0
4, Bubble, 0, 4, 48, 0.5, 1.5, 350, 0.757996, 0
4, Bubble, 0, 4, 48, 0.5, 1.5, 350, 0.876999, 0
4, Bubble, 0, 4, 48, 0.5, 1.5, 350, 1.237, 1
4, Bubble, 0, 5, 48, 1, 1.5, 350, 1.01501, 0
4, Bubble, 0, 5, 48, 1, 1.5, 350, 0.763992, 0
4, Bubble, 0, 5, 48, 1, 1.5, 500, 0.707001, 0
4, Bubble, 0, 5, 48, 1, 1.5, 350, 1.30299, 1
4, Bubble, 0, 5, 48, 1, 1.5, 500, 0.895004, 0
4, Bubble, 0, 5, 48, 1, 1.5, 200, 1.252, 1
4, Bubble, 0, 5, 48, 1, 1.5, 200, 0.708008, 0
4, Bubble, 0, 5, 48, 1, 1.5, 200, 0.71199, 0
4, Bubble, 0, 5, 48, 1, 1.5, 500, 0.893997, 0
4, Bubble, 0, 6, 32, 0.5, 2.5, 350, 0.858002, 0
4, Bubble, 0, 6, 32, 0.5, 2.5, 200, 0.755997, 0
4, Bubble, 0, 6, 32, 0.5, 2.5, 350, 0.871002, 0
4, Bubble, 0, 6, 32, 0.5, 2.5, 500, 0.791992, 0
4, Bubble, 0, 6, 32, 0.5, 2.5, 350, 1.009, 0
4, Bubble, 0, 6, 32, 0.5, 2.5, 200, 0.709, 0
4, Bubble, 0, 6, 32, 0.5, 2.5, 200, 0.770004, 0
4, Bubble, 0, 6, 32, 0.5, 2.5, 500, 0.858994, 0
4, Bubble, 0, 6, 32, 0.5, 2.5, 500, 0.915009, 0
4, Bubble, 0, 7, 32, 1, 2.5, 500, 0.947998, 0
4, Bubble, 0, 7, 32, 1, 2.5, 200, 0.811996, 0
4, Bubble, 0, 7, 32, 1, 2.5, 350, 0.815002, 0
4, Bubble, 0, 7, 32, 1, 2.5, 350, 0.80899, 0
4, Bubble, 0, 7, 32, 1, 2.5, 500, 0.794998, 0
4, Bubble, 0, 7, 32, 1, 2.5, 350, 0.743988, 0
4, Bubble, 0, 7, 32, 1, 2.5, 200, 1.13701, 1
4, Bubble, 0, 7, 32, 1, 2.5, 500, 0.98201, 0
4, Bubble, 0, 7, 32, 1, 2.5, 200, 0.611008, 0
4, Bubble, 1, 0, 48, 0.5, 1.5, 350, 0.857986, 0
4, Bubble, 1, 0, 48, 0.5, 1.5, 200, 0.882004, 0
4, Bubble, 1, 0, 48, 0.5, 1.5, 500, 0.964996, 0
4, Bubble, 1, 0, 48, 0.5, 1.5, 200, 0.811996, 0
4, Bubble, 1, 0, 48, 0.5, 1.5, 350, 0.710007, 0
4, Bubble, 1, 0, 48, 0.5, 1.5, 350, 0.910995, 0
4, Bubble, 1, 0, 48, 0.5, 1.5, 500, 0.779999, 0
4, Bubble, 1, 0, 48, 0.5, 1.5, 200, 0.796005, 0
4, Bubble, 1, 0, 48, 0.5, 1.5, 500, 1.158, 1
4, Bubble, 1, 1, 48, 0.5, 2.5, 500, 0.96199, 0
4, Bubble, 1, 1, 48, 0.5, 2.5, 200, 0.625, 0
4, Bubble, 1, 1, 48, 0.5, 2.5, 500, 0.712997, 0
4, Bubble, 1, 1, 48, 0.5, 2.5, 350, 0.675003, 0
4, Bubble, 1, 1, 48, 0.5, 2.5, 350, 0.690002, 0
4, Bubble, 1, 1, 48, 0.5, 2.5, 200, 0.574997, 0
4, Bubble, 1, 1, 48, 0.5, 2.5, 350, 0.697998, 0
4, Bubble, 1, 1, 48, 0.5, 2.5, 500, 0.671997, 0
4, Bubble, 1, 1, 48, 0.5, 2.5, 200, 0.591995, 0
4, Bubble, 1, 2, 32, 0.5, 1.5, 200, 0.761002, 0
4, Bubble, 1, 2, 32, 0.5, 1.5, 500, 0.694992, 0
4, Bubble, 1, 2, 32, 0.5, 1.5, 200, 0.67601, 0
4, Bubble, 1, 2, 32, 0.5, 1.5, 500, 1.489, 1
4, Bubble, 1, 2, 32, 0.5, 1.5, 350, 1.00801, 0
4, Bubble, 1, 2, 32, 0.5, 1.5, 200, 0.98999, 0
4, Bubble, 1, 2, 32, 0.5, 1.5, 500, 1.047, 0
4, Bubble, 1, 2, 32, 0.5, 1.5, 350, 0.844009, 0
4, Bubble, 1, 2, 32, 0.5, 1.5, 350, 1.03299, 0
4, Bubble, 1, 3, 32, 1, 1.5, 200, 0.830002, 0
4, Bubble, 1, 3, 32, 1, 1.5, 200, 0.798996, 0
4, Bubble, 1, 3, 32, 1, 1.5, 200, 1.01601, 0
4, Bubble, 1, 3, 32, 1, 1.5, 350, 0.932999, 0
4, Bubble, 1, 3, 32, 1, 1.5, 350, 0.884003, 0
4, Bubble, 1, 3, 32, 1, 1.5, 500, 0.883011, 0
4, Bubble, 1, 3, 32, 1, 1.5, 500, 1.241, 0
4, Bubble, 1, 3, 32, 1, 1.5, 500, 0.965988, 0
4, Bubble, 1, 3, 32, 1, 1.5, 350, 1.13901, 0
4, Bubble, 1, 4, 48, 1, 2.5, 500, 0.910004, 0
4, Bubble, 1, 4, 48, 1, 2.5, 500, 0.730988, 0
4, Bubble, 1, 4, 48, 1, 2.5, 350, 0.693008, 0
4, Bubble, 1, 4, 48, 1, 2.5, 350, 0.748001, 0
4, Bubble, 1, 4, 48, 1, 2.5, 500, 0.660995, 0
4, Bubble, 1, 4, 48, 1, 2.5, 350, 0.609009, 0
4, Bubble, 1, 4, 48, 1, 2.5, 200, 0.625, 0
4, Bubble, 1, 4, 48, 1, 2.5, 200, 0.659988, 0
4, Bubble, 1, 4, 48, 1, 2.5, 200, 0.625992, 0
4, Bubble, 1, 5, 32, 0.5, 2.5, 350, 0.85701, 0
4, Bubble, 1, 5, 32, 0.5, 2.5, 200, 0.636002, 0
4, Bubble, 1, 5, 32, 0.5, 2.5, 500, 0.994995, 0
4, Bubble, 1, 5, 32, 0.5, 2.5, 350, 0.931, 0
4, Bubble, 1, 5, 32, 0.5, 2.5, 500, 0.855988, 0
4, Bubble, 1, 5, 32, 0.5, 2.5, 500, 0.810013, 0
4, Bubble, 1, 5, 32, 0.5, 2.5, 200, 0.897995, 0
4, Bubble, 1, 5, 32, 0.5, 2.5, 200, 0.828995, 0
4, Bubble, 1, 5, 32, 0.5, 2.5, 350, 0.77301, 0
4, Bubble, 1, 6, 32, 1, 2.5, 200, 0.730011, 0
4, Bubble, 1, 6, 32, 1, 2.5, 200, 0.730988, 0
4, Bubble, 1, 6, 32, 1, 2.5, 350, 1.119, 1
4, Bubble, 1, 6, 32, 1, 2.5, 350, 0.763, 0
4, Bubble, 1, 6, 32, 1, 2.5, 500, 0.744003, 0
4, Bubble, 1, 6, 32, 1, 2.5, 500, 0.815002, 0
4, Bubble, 1, 6, 32, 1, 2.5, 350, 0.776993, 0
4, Bubble, 1, 6, 32, 1, 2.5, 200, 0.832001, 0
4, Bubble, 1, 6, 32, 1, 2.5, 500, 1.01401, 0
4, Bubble, 1, 7, 48, 1, 1.5, 350, 0.780991, 0
4, Bubble, 1, 7, 48, 1, 1.5, 200, 0.935013, 0
4, Bubble, 1, 7, 48, 1, 1.5, 200, 0.875, 0
4, Bubble, 1, 7, 48, 1, 1.5, 500, 1.03299, 0
4, Bubble, 1, 7, 48, 1, 1.5, 500, 1.067, 0
4, Bubble, 1, 7, 48, 1, 1.5, 350, 0.985001, 0
4, Bubble, 1, 7, 48, 1, 1.5, 350, 0.966003, 0
4, Bubble, 1, 7, 48, 1, 1.5, 200, 0.828979, 0
4, Bubble, 1, 7, 48, 1, 1.5, 500, 1.12799, 0
4, Bubble, 2, 0, 32, 1, 2.5, 200, 0.915985, 0
4, Bubble, 2, 0, 32, 1, 2.5, 500, 0.878998, 0
4, Bubble, 2, 0, 32, 1, 2.5, 500, 0.932007, 0
4, Bubble, 2, 0, 32, 1, 2.5, 350, 0.852997, 0
4, Bubble, 2, 0, 32, 1, 2.5, 350, 0.712006, 0
4, Bubble, 2, 0, 32, 1, 2.5, 200, 0.689972, 0
4, Bubble, 2, 0, 32, 1, 2.5, 200, 0.69101, 0
4, Bubble, 2, 0, 32, 1, 2.5, 350, 0.774994, 0
4, Bubble, 2, 0, 32, 1, 2.5, 500, 0.846985, 0
4, Bubble, 2, 1, 48, 1, 1.5, 200, 0.883026, 0
4, Bubble, 2, 1, 48, 1, 1.5, 200, 1.013, 0
4, Bubble, 2, 1, 48, 1, 1.5, 350, 0.977997, 0
4, Bubble, 2, 1, 48, 1, 1.5, 500, 1.04999, 0
4, Bubble, 2, 1, 48, 1, 1.5, 350, 1.19901, 1
4, Bubble, 2, 1, 48, 1, 1.5, 200, 0.674988, 0
4, Bubble, 2, 1, 48, 1, 1.5, 350, 0.809998, 0
4, Bubble, 2, 1, 48, 1, 1.5, 500, 0.929016, 0
4, Bubble, 2, 1, 48, 1, 1.5, 500, 0.846008, 0
4, Bubble, 2, 2, 48, 0.5, 2.5, 500, 1.05002, 0
4, Bubble, 2, 2, 48, 0.5, 2.5, 200, 0.619019, 0
4, Bubble, 2, 2, 48, 0.5, 2.5, 350, 0.72699, 0
4, Bubble, 2, 2, 48, 0.5, 2.5, 500, 0.843018, 0
4, Bubble, 2, 2, 48, 0.5, 2.5, 350, 0.795013, 0
4, Bubble, 2, 2, 48, 0.5, 2.5, 500, 0.996002, 0
4, Bubble, 2, 2, 48, 0.5, 2.5, 200, 1.134, 0
4, Bubble, 2, 2, 48, 0.5, 2.5, 200, 0.794983, 0
4, Bubble, 2, 2, 48, 0.5, 2.5, 350, 0.658997, 0
4, Bubble, 2, 3, 32, 1, 1.5, 200, 0.826996, 0
4, Bubble, 2, 3, 32, 1, 1.5, 350, 1.103, 0
4, Bubble, 2, 3, 32, 1, 1.5, 500, 1.28598, 0
4, Bubble, 2, 3, 32, 1, 1.5, 350, 0.792023, 0
4, Bubble, 2, 3, 32, 1, 1.5, 500, 1.043, 0
4, Bubble, 2, 3, 32, 1, 1.5, 200, 0.86499, 0
4, Bubble, 2, 3, 32, 1, 1.5, 200, 0.916016, 0
4, Bubble, 2, 3, 32, 1, 1.5, 500, 1.03699, 0
4, Bubble, 2, 3, 32, 1, 1.5, 350, 1.21503, 0
4, Bubble, 2, 4, 32, 0.5, 1.5, 200, 0.942017, 0
4, Bubble, 2, 4, 32, 0.5, 1.5, 350, 1.09598, 0
4, Bubble, 2, 4, 32, 0.5, 1.5, 200, 0.949005, 0
4, Bubble, 2, 4, 32, 0.5, 1.5, 500, 1.06201, 0
4, Bubble, 2, 4, 32, 0.5, 1.5, 350, 1.67401, 0
4, Bubble, 2, 4, 32, 0.5, 1.5, 500, 1.121, 0
4, Bubble, 2, 4, 32, 0.5, 1.5, 500, 0.996002, 0
4, Bubble, 2, 4, 32, 0.5, 1.5, 350, 1.29599, 0
4, Bubble, 2, 4, 32, 0.5, 1.5, 200, 0.859985, 0
4, Bubble, 2, 5, 32, 0.5, 2.5, 500, 1.11902, 0
4, Bubble, 2, 5, 32, 0.5, 2.5, 350, 0.742004, 0
4, Bubble, 2, 5, 32, 0.5, 2.5, 200, 0.895996, 0
4, Bubble, 2, 5, 32, 0.5, 2.5, 350, 1.14398, 0
4, Bubble, 2, 5, 32, 0.5, 2.5, 350, 1.26202, 0
4, Bubble, 2, 5, 32, 0.5, 2.5, 200, 1.492, 0
4, Bubble, 2, 5, 32, 0.5, 2.5, 500, 1.54999, 0
4, Bubble, 2, 5, 32, 0.5, 2.5, 200, 0.908997, 0
4, Bubble, 2, 5, 32, 0.5, 2.5, 500, 1.181, 0
4, Bubble, 2, 6, 48, 0.5, 1.5, 200, 0.695007, 0
4, Bubble, 2, 6, 48, 0.5, 1.5, 500, 0.945984, 0
4, Bubble, 2, 6, 48, 0.5, 1.5, 200, 0.661011, 0
4, Bubble, 2, 6, 48, 0.5, 1.5, 350, 0.998016, 0
4, Bubble, 2, 6, 48, 0.5, 1.5, 500, 0.97699, 0
4, Bubble, 2, 6, 48, 0.5, 1.5, 500, 0.980011, 0
4, Bubble, 2, 6, 48, 0.5, 1.5, 350, 0.940979, 0
4, Bubble, 2, 6, 48, 0.5, 1.5, 350, 0.846008, 0
4, Bubble, 2, 6, 48, 0.5, 1.5, 200, 1.09799, 0
4, Bubble, 2, 7, 48, 1, 2.5, 200, 0.931, 0
4, Bubble, 2, 7, 48, 1, 2.5, 350, 0.744995, 0
4, Bubble, 2, 7, 48, 1, 2.5, 500, 0.826996, 0
4, Bubble, 2, 7, 48, 1, 2.5, 350, 0.812012, 0
4, Bubble, 2, 7, 48, 1, 2.5, 200, 0.742981, 0
4, Bubble, 2, 7, 48, 1, 2.5, 500, 1.13602, 0
4, Bubble, 2, 7, 48, 1, 2.5, 350, 1.16501, 0
4, Bubble, 2, 7, 48, 1, 2.5, 200, 0.720978, 0
4, Bubble, 2, 7, 48, 1, 2.5, 500, 0.943024, 0
4, Point, 0, 0, 32, 1, 2.5, 200, 1.33798, 0
4, Point, 0, 0, 32, 1, 2.5, 200, 1.55499, 1
4, Point, 0, 0, 32, 1, 2.5, 350, 1.18799, 0
4, Point, 0, 0, 32, 1, 2.5, 500, 0.979004, 0
4, Point, 0, 0, 32, 1, 2.5, 200, 0.998016, 0
4, Point, 0, 0, 32, 1, 2.5, 350, 0.881989, 0
4, Point, 0, 0, 32, 1, 2.5, 500, 1.17599, 0
4, Point, 0, 0, 32, 1, 2.5, 350, 1.13699, 0
4, Point, 0, 0, 32, 1, 2.5, 500, 1.276, 0
4, Point, 0, 1, 48, 1, 2.5, 200, 0.812012, 0
4, Point, 0, 1, 48, 1, 2.5, 500, 0.738983, 0
4, Point, 0, 1, 48, 1, 2.5, 350, 1.065, 0
4, Point, 0, 1, 48, 1, 2.5, 500, 1.133, 0
4, Point, 0, 1, 48, 1, 2.5, 200, 0.876984, 0
4, Point, 0, 1, 48, 1, 2.5, 500, 1.70502, 0
4, Point, 0, 1, 48, 1, 2.5, 350, 1.87601, 1
4, Point, 0, 1, 48, 1, 2.5, 350, 1.37598, 0
4, Point, 0, 1, 48, 1, 2.5, 200, 1.11401, 0
4, Point, 0, 2, 48, 0.5, 1.5, 350, 1.5, 1
4, Point, 0, 2, 48, 0.5, 1.5, 500, 0.949005, 0
4, Point, 0, 2, 48, 0.5, 1.5, 500, 0.982971, 0
4, Point, 0, 2, 48, 0.5, 1.5, 200, 0.933014, 0
4, Point, 0, 2, 48, 0.5, 1.5, 500, 1.25098, 0
4, Point, 0, 2, 48, 0.5, 1.5, 200, 0.850006, 0
4, Point, 0, 2, 48, 0.5, 1.5, 200, 0.80899, 0
4, Point, 0, 2, 48, 0.5, 1.5, 350, 0.928009, 0
4, Point, 0, 2, 48, 0.5, 1.5, 350, 0.972015, 0
4, Point, 0, 3, 32, 1, 1.5, 200, 1.39502, 0
4, Point, 0, 3, 32, 1, 1.5, 350, 1.20401, 0
4, Point, 0, 3, 32, 1, 1.5, 350, 1.272, 0
4, Point, 0, 3, 32, 1, 1.5, 500, 1.20502, 0
4, Point, 0, 3, 32, 1, 1.5, 500, 1.73499, 0
4, Point, 0, 3, 32, 1, 1.5, 200, 1.08301, 0
4, Point, 0, 3, 32, 1, 1.5, 200, 0.778992, 0
4, Point, 0, 3, 32, 1, 1.5, 350, 1.73297, 1
4, Point, 0, 3, 32, 1, 1.5, 500, 1.24002, 0
4, Point, 0, 4, 32, 0.5, 2.5, 500, 1.181, 0
4, Point, 0, 4, 32, 0.5, 2.5, 350, 0.933014, 0
4, Point, 0, 4, 32, 0.5, 2.5, 500, 1.67297, 1
4, Point, 0, 4, 32, 0.5, 2.5, 200, 0.911011, 0
4, Point, 0, 4, 32, 0.5, 2.5, 350, 1.203, 0
4, Point, 0, 4, 32, 0.5, 2.5, 350, 0.983032, 0
4, Point, 0, 4, 32, 0.5, 2.5, 200, 1.93201, 2
4, Point, 0, 4, 32, 0.5, 2.5, 200, 1.17596, 0
4, Point, 0, 4, 32, 0.5, 2.5, 500, 1.42102, 0
4, Point, 0, 5, 48, 0.5, 2.5, 200, 2.02502, 2
4, Point, 0, 5, 48, 0.5, 2.5, 350, 1.01398, 0
4, Point, 0, 5, 48, 0.5, 2.5, 500, 1.01501, 0
4, Point, 0, 5, 48, 0.5, 2.5, 200, 1.06799, 0
4, Point, 0, 5, 48, 0.5, 2.5, 200, 0.947021, 0
4, Point, 0, 5, 48, 0.5, 2.5, 350, 1.16101, 0
4, Point, 0, 5, 48, 0.5, 2.5, 500, 1.06799, 0
4, Point, 0, 5, 48, 0.5, 2.5, 500, 1.71399, 1
4, Point, 0, 5, 48, 0.5, 2.5, 350, 1.27301, 0
4, Point, 0, 6, 48, 1, 1.5, 200, 1.09595, 0
4, Point, 0, 6, 48, 1, 1.5, 500, 1.505, 0
4, Point, 0, 6, 48, 1, 1.5, 350, 1.08301, 0
4, Point, 0, 6, 48, 1, 1.5, 350, 1.01697, 0
4, Point, 0, 6, 48, 1, 1.5, 500, 1.10101, 0
4, Point, 0, 6, 48, 1, 1.5, 200, 0.880005, 0
4, Point, 0, 6, 48, 1, 1.5, 200, 0.809998, 0
4, Point, 0, 6, 48, 1, 1.5, 500, 1.17303, 0
4, Point, 0, 6, 48, 1, 1.5, 350, 1.53796, 1
4, Point, 0, 7, 32, 0.5, 1.5, 500, 1.49799, 0
4, Point, 0, 7, 32, 0.5, 1.5, 200, 1.14905, 0
4, Point, 0, 7, 32, 0.5, 1.5, 350, 1.38501, 0
4, Point, 0, 7, 32, 0.5, 1.5, 500, 1.35498, 0
4, Point, 0, 7, 32, 0.5, 1.5, 200, 1.30103, 0
4, Point, 0, 7, 32, 0.5, 1.5, 350, 1.14703, 0
4, Point, 0, 7, 32, 0.5, 1.5, 350, 1.14899, 0
4, Point, 0, 7, 32, 0.5, 1.5, 500, 1.27002, 0
4, Point, 0, 7, 32, 0.5, 1.5, 200, 1.35699, 0
4, Point, 1, 0, 48, 1, 2.5, 350, 1.23102, 0
4, Point, 1, 0, 48, 1, 2.5, 350, 0.997986, 0
4, Point, 1, 0, 48, 1, 2.5, 500, 1.13501, 0
4, Point, 1, 0, 48, 1, 2.5, 200, 1.06, 0
4, Point, 1, 0, 48, 1, 2.5, 200, 0.791992, 0
4, Point, 1, 0, 48, 1, 2.5, 500, 1.18597, 0
4, Point, 1, 0, 48, 1, 2.5, 500, 1.25305, 0
4, Point, 1, 0, 48, 1, 2.5, 200, 1.54095, 1
4, Point, 1, 0, 48, 1, 2.5, 350, 1.01605, 0
4, Point, 1, 1, 32, 1, 1.5, 200, 1.30298, 0
4, Point, 1, 1, 32, 1, 1.5, 500, 1.30804, 0
4, Point, 1, 1, 32, 1, 1.5, 200, 1.87903, 1
4, Point, 1, 1, 32, 1, 1.5, 200, 1.06799, 0
4, Point, 1, 1, 32, 1, 1.5, 350, 1.172, 0
4, Point, 1, 1, 32, 1, 1.5, 350, 1.20599, 0
4, Point, 1, 1, 32, 1, 1.5, 350, 1.06702, 0
4, Point, 1, 1, 32, 1, 1.5, 500, 1.04199, 0
4, Point, 1, 1, 32, 1, 1.5, 500, 1.34003, 0
4, Point, 1, 2, 32, 1, 2.5, 200, 0.917053, 0
4, Point, 1, 2, 32, 1, 2.5, 500, 1.409, 0
4, Point, 1, 2, 32, 1, 2.5, 500, 1.17499, 0
4, Point, 1, 2, 32, 1, 2.5, 350, 1.18799, 0
4, Point, 1, 2, 32, 1, 2.5, 500, 1.54401, 0
4, Point, 1, 2, 32, 1, 2.5, 200, 1.328, 0
4, Point, 1, 2, 32, 1, 2.5, 200, 1.138, 0
4, Point, 1, 2, 32, 1, 2.5, 350, 1.33496, 0
4, Point, 1, 2, 32, 1, 2.5, 350, 1.50995, 0
4, Point, 1, 3, 48, 0.5, 1.5, 350, 0.880005, 0
4, Point, 1, 3, 48, 0.5, 1.5, 500, 1.16199, 0
4, Point, 1, 3, 48, 0.5, 1.5, 200, 1.16003, 0
4, Point, 1, 3, 48, 0.5, 1.5, 200, 1.02698, 0
4, Point, 1, 3, 48, 0.5, 1.5, 350, 1.09399, 0
4, Point, 1, 3, 48, 0.5, 1.5, 500, 1.17902, 0
4, Point, 1, 3, 48, 0.5, 1.5, 200, 0.847961, 0
4, Point, 1, 3, 48, 0.5, 1.5, 350, 1.54004, 1
4, Point, 1, 3, 48, 0.5, 1.5, 500, 0.997009, 1
4, Point, 1, 4, 32, 0.5, 1.5, 200, 0.923035, 0
4, Point, 1, 4, 32, 0.5, 1.5, 200, 1.12299, 0
4, Point, 1, 4, 32, 0.5, 1.5, 350, 1.27197, 0
4, Point, 1, 4, 32, 0.5, 1.5, 500, 1.40002, 0
4, Point, 1, 4, 32, 0.5, 1.5, 350, 1.18298, 0
4, Point, 1, 4, 32, 0.5, 1.5, 200, 1.172, 0
4, Point, 1, 4, 32, 0.5, 1.5, 500, 1.12103, 0
4, Point, 1, 4, 32, 0.5, 1.5, 350, 1.216, 0
4, Point, 1, 4, 32, 0.5, 1.5, 500, 1.33698, 0
4, Point, 1, 5, 48, 0.5, 2.5, 200, 1.86499, 0
4, Point, 1, 5, 48, 0.5, 2.5, 350, 1.01001, 0
4, Point, 1, 5, 48, 0.5, 2.5, 200, 0.661987, 0
4, Point, 1, 5, 48, 0.5, 2.5, 500, 0.846985, 0
4, Point, 1, 5, 48, 0.5, 2.5, 200, 1.36102, 1
4, Point, 1, 5, 48, 0.5, 2.5, 350, 1.21295, 0
4, Point, 1, 5, 48, 0.5, 2.5, 500, 1.22101, 0
4, Point, 1, 5, 48, 0.5, 2.5, 500, 1.08398, 0
4, Point, 1, 5, 48, 0.5, 2.5, 350, 1.15198, 0
4, Point, 1, 6, 32, 0.5, 2.5, 350, 3.64301, 4
4, Point, 1, 6, 32, 0.5, 2.5, 500, 1.93097, 1
4, Point, 1, 6, 32, 0.5, 2.5, 200, 0.958984, 0
4, Point, 1, 6, 32, 0.5, 2.5, 350, 1.25, 0
4, Point, 1, 6, 32, 0.5, 2.5, 200, 1.50702, 0
4, Point, 1, 6, 32, 0.5, 2.5, 350, 1.28503, 0
4, Point, 1, 6, 32, 0.5, 2.5, 500, 1.57202, 0
4, Point, 1, 6, 32, 0.5, 2.5, 500, 1.35199, 0
4, Point, 1, 6, 32, 0.5, 2.5, 200, 1.099, 0
4, Point, 1, 7, 48, 1, 1.5, 200, 1.22504, 0
4, Point, 1, 7, 48, 1, 1.5, 500, 1.06598, 0
4, Point, 1, 7, 48, 1, 1.5, 200, 0.933044, 0
4, Point, 1, 7, 48, 1, 1.5, 350, 1.02399, 0
4, Point, 1, 7, 48, 1, 1.5, 500, 1.30402, 0
4, Point, 1, 7, 48, 1, 1.5, 500, 1.185, 0
4, Point, 1, 7, 48, 1, 1.5, 200, 1.08099, 0
4, Point, 1, 7, 48, 1, 1.5, 350, 1.362, 0
4, Point, 1, 7, 48, 1, 1.5, 350, 1.19598, 0
4, Point, 2, 0, 48, 1, 1.5, 200, 1.31299, 0
4, Point, 2, 0, 48, 1, 1.5, 200, 1.01801, 0
4, Point, 2, 0, 48, 1, 1.5, 200, 1.22003, 0
4, Point, 2, 0, 48, 1, 1.5, 350, 1.57495, 0
4, Point, 2, 0, 48, 1, 1.5, 350, 1.18402, 0
4, Point, 2, 0, 48, 1, 1.5, 500, 1.28204, 0
4, Point, 2, 0, 48, 1, 1.5, 500, 1.15997, 0
4, Point, 2, 0, 48, 1, 1.5, 350, 1.17603, 0
4, Point, 2, 0, 48, 1, 1.5, 500, 1.026, 0
4, Point, 2, 1, 32, 1, 1.5, 350, 1.50397, 0
4, Point, 2, 1, 32, 1, 1.5, 350, 1.11798, 0
4, Point, 2, 1, 32, 1, 1.5, 500, 1.80096, 1
4, Point, 2, 1, 32, 1, 1.5, 200, 1.08606, 0
4, Point, 2, 1, 32, 1, 1.5, 200, 0.964966, 0
4, Point, 2, 1, 32, 1, 1.5, 500, 1.25806, 0
4, Point, 2, 1, 32, 1, 1.5, 350, 1.086, 0
4, Point, 2, 1, 32, 1, 1.5, 500, 1.77997, 0
4, Point, 2, 1, 32, 1, 1.5, 200, 1.39001, 0
4, Point, 2, 2, 48, 0.5, 2.5, 200, 1.07404, 0
4, Point, 2, 2, 48, 0.5, 2.5, 350, 1.31702, 1
4, Point, 2, 2, 48, 0.5, 2.5, 200, 0.997986, 0
4, Point, 2, 2, 48, 0.5, 2.5, 500, 1.07501, 0
4, Point, 2, 2, 48, 0.5, 2.5, 200, 2.76898, 0
4, Point, 2, 2, 48, 0.5, 2.5, 500, 0.996033, 0
4, Point, 2, 2, 48, 0.5, 2.5, 350, 0.894958, 0
4, Point, 2, 2, 48, 0.5, 2.5, 500, 1.078, 0
4, Point, 2, 2, 48, 0.5, 2.5, 350, 1.33002, 0
4, Point, 2, 3, 48, 1, 2.5, 350, 1.41998, 1
4, Point, 2, 3, 48, 1, 2.5, 200, 1.40198, 0
4, Point, 2, 3, 48, 1, 2.5, 500, 1.21301, 0
4, Point, 2, 3, 48, 1, 2.5, 200, 0.897034, 0
4, Point, 2, 3, 48, 1, 2.5, 350, 1.01001, 0
4, Point, 2, 3, 48, 1, 2.5, 500, 1.35498, 0
4, Point, 2, 3, 48, 1, 2.5, 350, 1.26898, 0
4, Point, 2, 3, 48, 1, 2.5, 200, 0.880005, 0
4, Point, 2, 3, 48, 1, 2.5, 500, 1.54199, 0
4, Point, 2, 4, 48, 0.5, 1.5, 200, 1.60205, 1
4, Point, 2, 4, 48, 0.5, 1.5, 350, 1.04395, 0
4, Point, 2, 4, 48, 0.5, 1.5, 500, 1.11603, 0
4, Point, 2, 4, 48, 0.5, 1.5, 350, 1.021, 0
4, Point, 2, 4, 48, 0.5, 1.5, 200, 1.08203, 0
4, Point, 2, 4, 48, 0.5, 1.5, 200, 1.08099, 0
4, Point, 2, 4, 48, 0.5, 1.5, 500, 1.33002, 0
4, Point, 2, 4, 48, 0.5, 1.5, 350, 1.16602, 0
4, Point, 2, 4, 48, 0.5, 1.5, 500, 1.35394, 0
4, Point, 2, 5, 32, 0.5, 1.5, 350, 0.991028, 0
4, Point, 2, 5, 32, 0.5, 1.5, 500, 1.20502, 0
4, Point, 2, 5, 32, 0.5, 1.5, 200, 1.65295, 1
4, Point, 2, 5, 32, 0.5, 1.5, 500, 1.117, 0
4, Point, 2, 5, 32, 0.5, 1.5, 200, 0.881042, 0
4, Point, 2, 5, 32, 0.5, 1.5, 350, 1.16699, 0
4, Point, 2, 5, 32, 0.5, 1.5, 500, 1.88599, 1
4, Point, 2, 5, 32, 0.5, 1.5, 350, 0.932983, 0
4, Point, 2, 5, 32, 0.5, 1.5, 200, 0.894043, 0
4, Point, 2, 6, 32, 0.5, 2.5, 200, 1.34802, 0
4, Point, 2, 6, 32, 0.5, 2.5, 350, 1.047, 0
4, Point, 2, 6, 32, 0.5, 2.5, 350, 1.422, 0
4, Point, 2, 6, 32, 0.5, 2.5, 200, 0.914978, 0
4, Point, 2, 6, 32, 0.5, 2.5, 500, 1.18402, 0
4, Point, 2, 6, 32, 0.5, 2.5, 500, 1.31403, 0
4, Point, 2, 6, 32, 0.5, 2.5, 350, 1.19696, 0
4, Point, 2, 6, 32, 0.5, 2.5, 200, 1.30603, 0
4, Point, 2, 6, 32, 0.5, 2.5, 500, 1.36597, 0
4, Point, 2, 7, 32, 1, 2.5, 200, 1.49005, 0
4, Point, 2, 7, 32, 1, 2.5, 350, 1.15198, 0
4, Point, 2, 7, 32, 1, 2.5, 500, 1.33899, 0
4, Point, 2, 7, 32, 1, 2.5, 350, 1.56104, 0
4, Point, 2, 7, 32, 1, 2.5, 200, 1.16998, 0
4, Point, 2, 7, 32, 1, 2.5, 500, 1.48596, 0
4, Point, 2, 7, 32, 1, 2.5, 500, 1.40503, 0
4, Point, 2, 7, 32, 1, 2.5, 200, 1.698, 0
4, Point, 2, 7, 32, 1, 2.5, 350, 1.60101, 0
5, Point, 0, 0, 48, 1, 1.5, 200, 1.17101, 0
5, Point, 0, 0, 48, 1, 1.5, 200, 1.01001, 0
5, Point, 0, 0, 48, 1, 1.5, 500, 1.507, 0
5, Point, 0, 0, 48, 1, 1.5, 500, 1.134, 0
5, Point, 0, 0, 48, 1, 1.5, 200, 1.84, 0
5, Point, 0, 0, 48, 1, 1.5, 500, 1.38899, 0
5, Point, 0, 0, 48, 1, 1.5, 350, 1.14101, 0
5, Point, 0, 0, 48, 1, 1.5, 350, 1.41899, 0
5, Point, 0, 0, 48, 1, 1.5, 350, 1.04799, 0
5, Point, 0, 1, 32, 0.5, 1.5, 500, 1.298, 0
5, Point, 0, 1, 32, 0.5, 1.5, 350, 1.30699, 0
5, Point, 0, 1, 32, 0.5, 1.5, 500, 2.394, 1
5, Point, 0, 1, 32, 0.5, 1.5, 500, 1.888, 0
5, Point, 0, 1, 32, 0.5, 1.5, 200, 1.914, 0
5, Point, 0, 1, 32, 0.5, 1.5, 200, 1.436, 0
5, Point, 0, 1, 32, 0.5, 1.5, 200, 1.783, 0
5, Point, 0, 1, 32, 0.5, 1.5, 350, 2.528, 2
5, Point, 0, 1, 32, 0.5, 1.5, 350, 1.793, 0
5, Point, 0, 2, 32, 1, 2.5, 500, 1.62399, 0
5, Point, 0, 2, 32, 1, 2.5, 350, 1.40399, 0
5, Point, 0, 2, 32, 1, 2.5, 500, 1.614, 0
5, Point, 0, 2, 32, 1, 2.5, 350, 2.51199, 1
5, Point, 0, 2, 32, 1, 2.5, 500, 1.69501, 0
5, Point, 0, 2, 32, 1, 2.5, 200, 1.188, 0
5, Point, 0, 2, 32, 1, 2.5, 350, 1.55699, 0
5, Point, 0, 2, 32, 1, 2.5, 200, 1.36801, 0
5, Point, 0, 2, 32, 1, 2.5, 200, 1.08101, 0
5, Point, 0, 3, 32, 0.5, 2.5, 350, 1.48801, 0
5, Point, 0, 3, 32, 0.5, 2.5, 500, 1.43401, 0
5, Point, 0, 3, 32, 0.5, 2.5, 200, 1.37199, 0
5, Point, 0, 3, 32, 0.5, 2.5, 200, 1.621, 0
5, Point, 0, 3, 32, 0.5, 2.5, 350, 1.50299, 0
5, Point, 0, 3, 32, 0.5, 2.5, 500, 1.57201, 0
5, Point, 0, 3, 32, 0.5, 2.5, 350, 1.783, 0
5, Point, 0, 3, 32, 0.5, 2.5, 500, 1.687, 0
5, Point, 0, 3, 32, 0.5, 2.5, 200, 1.463, 0
5, Point, 0, 4, 48, 0.5, 1.5, 350, 1.13, 0
5, Point, 0, 4, 48, 0.5, 1.5, 500, 1.317, 0
5, Point, 0, 4, 48, 0.5, 1.5, 350, 1.235, 0
5, Point, 0, 4, 48, 0.5, 1.5, 500, 1.39799, 0
5, Point, 0, 4, 48, 0.5, 1.5, 200, 1.336, 0
5, Point, 0, 4, 48, 0.5, 1.5, 200, 0.990997, 0
5, Point, 0, 4, 48, 0.5, 1.5, 350, 1.36899, 0
5, Point, 0, 4, 48, 0.5, 1.5, 200, 1.43901, 0
5, Point, 0, 4, 48, 0.5, 1.5, 500, 1.30299, 0
5, Point, 0, 5, 48, 0.5, 2.5, 500, 1.35201, 0
5, Point, 0, 5, 48, 0.5, 2.5, 200, 1.23401, 0
5, Point, 0, 5, 48, 0.5, 2.5, 500, 1.461, 0
5, Point, 0, 5, 48, 0.5, 2.5, 350, 1.60201, 0
5, Point, 0, 5, 48, 0.5, 2.5, 500, 1.474, 0
5, Point, 0, 5, 48, 0.5, 2.5, 200, 1.28799, 0
5, Point, 0, 5, 48, 0.5, 2.5, 350, 1.56, 0
5, Point, 0, 5, 48, 0.5, 2.5, 350, 1.28499, 0
5, Point, 0, 5, 48, 0.5, 2.5, 200, 1.084, 0
5, Point, 0, 6, 32, 1, 1.5, 200, 1.39102, 0
5, Point, 0, 6, 32, 1, 1.5, 500, 1.45599, 0
5, Point, 0, 6, 32, 1, 1.5, 350, 2.69101, 2
5, Point, 0, 6, 32, 1, 1.5, 500, 1.86298, 0
5, Point, 0, 6, 32, 1, 1.5, 500, 1.46103, 0
5, Point, 0, 6, 32, 1, 1.5, 350, 1.23798, 0
5, Point, 0, 6, 32, 1, 1.5, 350, 1.22302, 0
5, Point, 0, 6, 32, 1, 1.5, 200, 1.27298, 0
5, Point, 0, 6, 32, 1, 1.5, 200, 1.35602, 0
5, Point, 0, 7, 48, 1, 2.5, 200, 1.914, 1
5, Point, 0, 7, 48, 1, 2.5, 350, 1.36499, 0
5, Point, 0, 7, 48, 1, 2.5, 500, 1.22998, 0
5, Point, 0, 7, 48, 1, 2.5, 350, 1.32101, 0
5, Point, 0, 7, 48, 1, 2.5, 500, 1.50601, 0
5, Point, 0, 7, 48, 1, 2.5, 350, 1.08398, 0
5, Point, 0, 7, 48, 1, 2.5, 200, 1.22202, 0
5, Point, 0, 7, 48, 1, 2.5, 500, 1.315, 0
5, Point, 0, 7, 48, 1, 2.5, 200, 1.30298, 0
5, Point, 1, 0, 48, 0.5, 2.5, 200, 1.121, 0
5, Point, 1, 0, 48, 0.5, 2.5, 350, 1.00198, 0
5, Point, 1, 0, 48, 0.5, 2.5, 200, 1.44901, 0
5, Point, 1, 0, 48, 0.5, 2.5, 500, 1.57199, 0
5, Point, 1, 0, 48, 0.5, 2.5, 350, 1.56302, 0
5, Point, 1, 0, 48, 0.5, 2.5, 500, 1.552, 0
5, Point, 1, 0, 48, 0.5, 2.5, 500, 1.33902, 0
5, Point, 1, 0, 48, 0.5, 2.5, 200, 1.16898, 0
5, Point, 1, 0, 48, 0.5, 2.5, 350, 1.38501, 0
5, Point, 1, 1, 48, 0.5, 1.5, 350, 1.453, 0
5, Point, 1, 1, 48, 0.5, 1.5, 500, 1.655, 0
5, Point, 1, 1, 48, 0.5, 1.5, 200, 1.336, 0
5, Point, 1, 1, 48, 0.5, 1.5, 500, 1.23599, 0
5, Point, 1, 1, 48, 0.5, 1.5, 200, 1.37399, 0
5, Point, 1, 1, 48, 0.5, 1.5, 200, 1.746, 0
5, Point, 1, 1, 48, 0.5, 1.5, 500, 1.453, 0
5, Point, 1, 1, 48, 0.5, 1.5, 350, 1.50198, 0
5, Point, 1, 1, 48, 0.5, 1.5, 350, 1.21201, 0
5, Point, 1, 2, 32, 1, 2.5, 200, 1.69901, 1
5, Point, 1, 2, 32, 1, 2.5, 500, 1.93201, 0
5, Point, 1, 2, 32, 1, 2.5, 200, 1.13501, 0
5, Point, 1, 2, 32, 1, 2.5, 350, 1.40698, 0
5, Point, 1, 2, 32, 1, 2.5, 350, 1.88202, 0
5, Point, 1, 2, 32, 1, 2.5, 200, 1.91101, 0
5, Point, 1, 2, 32, 1, 2.5, 350, 1.22501, 0
5, Point, 1, 2, 32, 1, 2.5, 500, 2.20499, 1
5, Point, 1, 2, 32, 1, 2.5, 500, 1.61002, 0
5, Point, 1, 3, 48, 1, 2.5, 350, 1.44998, 0
5, Point, 1, 3, 48, 1, 2.5, 350, 1.20099, 0
5, Point, 1, 3, 48, 1, 2.5, 200, 1.09702, 0
5, Point, 1, 3, 48, 1, 2.5, 200, 1.173, 0
5, Point, 1, 3, 48, 1, 2.5, 500, 1.28, 0
5, Point, 1, 3, 48, 1, 2.5, 200, 0.879974, 0
5, Point, 1, 3, 48, 1, 2.5, 500, 1.81201, 0
5, Point, 1, 3, 48, 1, 2.5, 350, 1.13501, 0
5, Point, 1, 3, 48, 1, 2.5, 500, 1.66998, 0
5, Point, 1, 4, 32, 0.5, 1.5, 350, 1.43799, 0
5, Point, 1, 4, 32, 0.5, 1.5, 500, 2.29901, 0
5, Point, 1, 4, 32, 0.5, 1.5, 350, 1.40097, 0
5, Point, 1, 4, 32, 0.5, 1.5, 200, 1.32703, 0
5, Point, 1, 4, 32, 0.5, 1.5, 500, 1.79099, 0
5, Point, 1, 4, 32, 0.5, 1.5, 200, 1.33801, 0
5, Point, 1, 4, 32, 0.5, 1.5, 350, 2.146, 0
5, Point, 1, 4, 32, 0.5, 1.5, 200, 1.90298, 0
5, Point, 1, 4, 32, 0.5, 1.5, 500, 1.94, 0
5, Point, 1, 5, 32, 1, 1.5, 350, 2.49799, 0
5, Point, 1, 5, 32, 1, 1.5, 500, 1.57303, 0
5, Point, 1, 5, 32, 1, 1.5, 200, 2.37302, 0
5, Point, 1, 5, 32, 1, 1.5, 200, 1.13699, 0
5, Point, 1, 5, 32, 1, 1.5, 350, 1.93298, 0
5, Point, 1, 5, 32, 1, 1.5, 200, 1.04501, 0
5, Point, 1, 5, 32, 1, 1.5, 350, 2.22, 0
5, Point, 1, 5, 32, 1, 1.5, 500, 1.45898, 0
5, Point, 1, 5, 32, 1, 1.5, 500, 2.12201, 0
5, Point, 1, 6, 48, 1, 1.5, 200, 1.34802, 0
5, Point, 1, 6, 48, 1, 1.5, 500, 1.319, 0
5, Point, 1, 6, 48, 1, 1.5, 350, 1.38498, 0
5, Point, 1, 6, 48, 1, 1.5, 200, 1.17102, 0
5, Point, 1, 6, 48, 1, 1.5, 350, 1.33801, 0
5, Point, 1, 6, 48, 1, 1.5, 200, 1.25299, 0
5, Point, 1, 6, 48, 1, 1.5, 350, 1.21701, 0
5, Point, 1, 6, 48, 1, 1.5, 500, 2.01498, 0
5, Point, 1, 6, 48, 1, 1.5, 500, 1.55402, 0
5, Point, 1, 7, 32, 0.5, 2.5, 200, 1.04901, 0
5, Point, 1, 7, 32, 0.5, 2.5, 500, 2.354, 0
5, Point, 1, 7, 32, 0.5, 2.5, 500, 1.716, 0
5, Point, 1, 7, 32, 0.5, 2.5, 350, 2.043, 0
5, Point, 1, 7, 32, 0.5, 2.5, 200, 2.19299, 0
5, Point, 1, 7, 32, 0.5, 2.5, 200, 2.048, 0
5, Point, 1, 7, 32, 0.5, 2.5, 350, 1.82397, 0
5, Point, 1, 7, 32, 0.5, 2.5, 350, 2.08102, 1
5, Point, 1, 7, 32, 0.5, 2.5, 500, 1.58102, 0
5, Point, 2, 0, 32, 0.5, 1.5, 200, 1.672, 0
5, Point, 2, 0, 32, 0.5, 1.5, 500, 1.81601, 0
5, Point, 2, 0, 32, 0.5, 1.5, 350, 1.215, 0
5, Point, 2, 0, 32, 0.5, 1.5, 200, 1.20999, 0
5, Point, 2, 0, 32, 0.5, 1.5, 500, 1.42099, 0
5, Point, 2, 0, 32, 0.5, 1.5, 350, 1.48999, 0
5, Point, 2, 0, 32, 0.5, 1.5, 350, 1.17102, 0
5, Point, 2, 0, 32, 0.5, 1.5, 500, 1.32999, 0
5, Point, 2, 0, 32, 0.5, 1.5, 200, 1.466, 0
5, Point, 2, 1, 48, 0.5, 1.5, 200, 0.908997, 0
5, Point, 2, 1, 48, 0.5, 1.5, 500, 1.43201, 0
5, Point, 2, 1, 48, 0.5, 1.5, 500, 1.28302, 0
5, Point, 2, 1, 48, 0.5, 1.5, 200, 1.02298, 0
5, Point, 2, 1, 48, 0.5, 1.5, 500, 1.19699, 0
5, Point, 2, 1, 48, 0.5, 1.5, 200, 0.859009, 0
5, Point, 2, 1, 48, 0.5, 1.5, 350, 1.31201, 0
5, Point, 2, 1, 48, 0.5, 1.5, 350, 1.23599, 0
5, Point, 2, 1, 48, 0.5, 1.5, 350, 1.655, 0
5, Point, 2, 2, 48, 1, 1.5, 350, 1.25201, 0
5, Point, 2, 2, 48, 1, 1.5, 200, 1.04901, 0
5, Point, 2, 2, 48, 1, 1.5, 200, 1.40399, 0
5, Point, 2, 2, 48, 1, 1.5, 500, 1.64499, 0
5, Point, 2, 2, 48, 1, 1.5, 350, 1.383, 0
5, Point, 2, 2, 48, 1, 1.5, 500, 2.04001, 1
5, Point, 2, 2, 48, 1, 1.5, 500, 1.26202, 0
5, Point, 2, 2, 48, 1, 1.5, 350, 1.20398, 0
5, Point, 2, 2, 48, 1, 1.5, 200, 0.982971, 0
5, Point, 2, 3, 48, 0.5, 2.5, 500, 1.77997, 0
5, Point, 2, 3, 48, 0.5, 2.5, 200, 1.099, 0
5, Point, 2, 3, 48, 0.5, 2.5, 350, 1.16296, 0
5, Point, 2, 3, 48, 0.5, 2.5, 350, 1.14899, 0
5, Point, 2, 3, 48, 0.5, 2.5, 350, 1.02802, 0
5, Point, 2, 3, 48, 0.5, 2.5, 200, 1.55603, 1
5, Point, 2, 3, 48, 0.5, 2.5, 500, 1.526, 0
5, Point, 2, 3, 48, 0.5, 2.5, 500, 1.29498, 0
5, Point, 2, 3, 48, 0.5, 2.5, 200, 1.04498, 0
5, Point, 2, 4, 32, 1, 1.5, 200, 1.37402, 0
5, Point, 2, 4, 32, 1, 1.5, 500, 1.33997, 0
5, Point, 2, 4, 32, 1, 1.5, 500, 1.57104, 0
5, Point, 2, 4, 32, 1, 1.5, 200, 1.12897, 0
5, Point, 2, 4, 32, 1, 1.5, 500, 1.29199, 0
5, Point, 2, 4, 32, 1, 1.5, 200, 1.59302, 0
5, Point, 2, 4, 32, 1, 1.5, 350, 1.88202, 1
5, Point, 2, 4, 32, 1, 1.5, 350, 1.17096, 0
5, Point, 2, 4, 32, 1, 1.5, 350, 1.31903, 0
5, Point, 2, 5, 48, 1, 2.5, 200, 1.26801, 0
5, Point, 2, 5, 48, 1, 2.5, 200, 1.30103, 0
5, Point, 2, 5, 48, 1, 2.5, 350, 1.245, 0
5, Point, 2, 5, 48, 1, 2.5, 200, 1.45203, 0
5, Point, 2, 5, 48, 1, 2.5, 500, 1.45898, 0
5, Point, 2, 5, 48, 1, 2.5, 500, 1.323, 0
5, Point, 2, 5, 48, 1, 2.5, 500, 1.30798, 0
5, Point, 2, 5, 48, 1, 2.5, 350, 1.20502, 0
5, Point, 2, 5, 48, 1, 2.5, 350, 1.35297, 1
5, Point, 2, 6, 32, 0.5, 2.5, 200, 1.18396, 0
5, Point, 2, 6, 32, 0.5, 2.5, 350, 1.14905, 0
5, Point, 2, 6, 32, 0.5, 2.5, 200, 1.16998, 0
5, Point, 2, 6, 32, 0.5, 2.5, 350, 1.65802, 0
5, Point, 2, 6, 32, 0.5, 2.5, 200, 1.22998, 0
5, Point, 2, 6, 32, 0.5, 2.5, 500, 2.16504, 0
5, Point, 2, 6, 32, 0.5, 2.5, 350, 2.22296, 0
5, Point, 2, 6, 32, 0.5, 2.5, 500, 1.62299, 0
5, Point, 2, 6, 32, 0.5, 2.5, 500, 1.80902, 0
5, Point, 2, 7, 32, 1, 2.5, 500, 2.03101, 0
5, Point, 2, 7, 32, 1, 2.5, 350, 2.64301, 0
5, Point, 2, 7, 32, 1, 2.5, 350, 1.68103, 0
5, Point, 2, 7, 32, 1, 2.5, 200, 1.91498, 0
5, Point, 2, 7, 32, 1, 2.5, 200, 1.23401, 0
5, Point, 2, 7, 32, 1, 2.5, 200, 1.55695, 0
5, Point, 2, 7, 32, 1, 2.5, 350, 2.11902, 1
5, Point, 2, 7, 32, 1, 2.5, 500, 1.23596, 0
5, Point, 2, 7, 32, 1, 2.5, 500, 1.39001, 0
5, Bubble, 0, 0, 48, 0.5, 2.5, 350, 1.14996, 0
5, Bubble, 0, 0, 48, 0.5, 2.5, 200, 0.923035, 0
5, Bubble, 0, 0, 48, 0.5, 2.5, 200, 1.30402, 0
5, Bubble, 0, 0, 48, 0.5, 2.5, 350, 1.21594, 0
5, Bubble, 0, 0, 48, 0.5, 2.5, 500, 1.151, 0
5, Bubble, 0, 0, 48, 0.5, 2.5, 200, 1.19897, 0
5, Bubble, 0, 0, 48, 0.5, 2.5, 500, 1.87, 0
5, Bubble, 0, 0, 48, 0.5, 2.5, 350, 1.16602, 0
5, Bubble, 0, 0, 48, 0.5, 2.5, 500, 1.23199, 0
5, Bubble, 0, 1, 48, 0.5, 1.5, 350, 1.21399, 0
5, Bubble, 0, 1, 48, 0.5, 1.5, 500, 1.26599, 0
5, Bubble, 0, 1, 48, 0.5, 1.5, 500, 1.11603, 0
5, Bubble, 0, 1, 48, 0.5, 1.5, 350, 0.942017, 0
5, Bubble, 0, 1, 48, 0.5, 1.5, 200, 0.929993, 0
5, Bubble, 0, 1, 48, 0.5, 1.5, 350, 1.45099, 0
5, Bubble, 0, 1, 48, 0.5, 1.5, 500, 1.25397, 0
5, Bubble, 0, 1, 48, 0.5, 1.5, 200, 1.14502, 0
5, Bubble, 0, 1, 48, 0.5, 1.5, 200, 1.04205, 0
5, Bubble, 0, 2, 48, 1, 2.5, 200, 1.08203, 0
5, Bubble, 0, 2, 48, 1, 2.5, 200, 1.01495, 0
5, Bubble, 0, 2, 48, 1, 2.5, 350, 1.23602, 0
5, Bubble, 0, 2, 48, 1, 2.5, 500, 1.13, 0
5, Bubble, 0, 2, 48, 1, 2.5, 350, 1.20099, 0
5, Bubble, 0, 2, 48, 1, 2.5, 500, 1.23499, 0
5, Bubble, 0, 2, 48, 1, 2.5, 350, 0.968018, 0
5, Bubble, 0, 2, 48, 1, 2.5, 200, 0.891968, 0
5, Bubble, 0, 2, 48, 1, 2.5, 500, 1.41901, 0
5, Bubble, 0, 3, 32, 1, 1.5, 500, 1.15302, 0
5, Bubble, 0, 3, 32, 1, 1.5, 500, 1.33801, 0
5, Bubble, 0, 3, 32, 1, 1.5, 200, 0.979004, 0
5, Bubble, 0, 3, 32, 1, 1.5, 350, 1.06299, 0
5, Bubble, 0, 3, 32, 1, 1.5, 350, 1.13202, 0
5, Bubble, 0, 3, 32, 1, 1.5, 200, 0.937988, 0
5, Bubble, 0, 3, 32, 1, 1.5, 350, 1.17102, 0
5, Bubble, 0, 3, 32, 1, 1.5, 500, 1.08301, 0
5, Bubble, 0, 3, 32, 1, 1.5, 200, 1.05402, 0
5, Bubble, 0, 4, 32, 0.5, 2.5, 350, 1.10803, 0
5, Bubble, 0, 4, 32, 0.5, 2.5, 500, 1.08002, 0
5, Bubble, 0, 4, 32, 0.5, 2.5, 200, 1.67297, 0
5, Bubble, 0, 4, 32, 0.5, 2.5, 350, 1.78198, 0
5, Bubble, 0, 4, 32, 0.5, 2.5, 500, 1.315, 0
5, Bubble, 0, 4, 32, 0.5, 2.5, 350, 1.16003, 0
5, Bubble, 0, 4, 32, 0.5, 2.5, 500, 1.52203, 0
5, Bubble, 0, 4, 32, 0.5, 2.5, 200, 0.996948, 0
5, Bubble, 0, 4, 32, 0.5, 2.5, 200, 1.09503, 0
5, Bubble, 0, 5, 32, 1, 2.5, 500, 1.08502, 0
5, Bubble, 0, 5, 32, 1, 2.5, 350, 0.963013, 0
5, Bubble, 0, 5, 32, 1, 2.5, 200, 0.972046, 0
5, Bubble, 0, 5, 32, 1, 2.5, 200, 0.961975, 0
5, Bubble, 0, 5, 32, 1, 2.5, 350, 0.996033, 0
5, Bubble, 0, 5, 32, 1, 2.5, 350, 0.965027, 0
5, Bubble, 0, 5, 32, 1, 2.5, 200, 0.93103, 0
5, Bubble, 0, 5, 32, 1, 2.5, 500, 1.31702, 0
5, Bubble, 0, 5, 32, 1, 2.5, 500, 1.22302, 0
5, Bubble, 0, 6, 48, 1, 1.5, 500, 1.31696, 0
5, Bubble, 0, 6, 48, 1, 1.5, 500, 0.973999, 0
5, Bubble, 0, 6, 48, 1, 1.5, 350, 1.20203, 0
5, Bubble, 0, 6, 48, 1, 1.5, 500, 1.18097, 0
5, Bubble, 0, 6, 48, 1, 1.5, 200, 0.854004, 0
5, Bubble, 0, 6, 48, 1, 1.5, 200, 0.950012, 0
5, Bubble, 0, 6, 48, 1, 1.5, 350, 1.11401, 0
5, Bubble, 0, 6, 48, 1, 1.5, 200, 0.742981, 0
5, Bubble, 0, 6, 48, 1, 1.5, 350, 1.08704, 0
5, Bubble, 0, 7, 32, 0.5, 1.5, 350, 1.24304, 0
5, Bubble, 0, 7, 32, 0.5, 1.5, 200, 0.940979, 0
5, Bubble, 0, 7, 32, 0.5, 1.5, 200, 1.09998, 0
5, Bubble, 0, 7, 32, 0.5, 1.5, 500, 1.47504, 0
5, Bubble, 0, 7, 32, 0.5, 1.5, 500, 1.13, 0
5, Bubble, 0, 7, 32, 0.5, 1.5, 350, 1.41296, 0
5, Bubble, 0, 7, 32, 0.5, 1.5, 200, 1.09399, 0
5, Bubble, 0, 7, 32, 0.5, 1.5, 350, 1.35596, 0
5, Bubble, 0, 7, 32, 0.5, 1.5, 500, 1.29803, 0
5, Bubble, 1, 0, 32, 0.5, 1.5, 500, 1.46399, 0
5, Bubble, 1, 0, 32, 0.5, 1.5, 200, 1.88696, 0
5, Bubble, 1, 0, 32, 0.5, 1.5, 350, 1.43396, 0
5, Bubble, 1, 0, 32, 0.5, 1.5, 350, 3.56403, 0
5, Bubble, 1, 0, 32, 0.5, 1.5, 200, 1.02899, 0
5, Bubble, 1, 0, 32, 0.5, 1.5, 500, 1.52002, 0
5, Bubble, 1, 0, 32, 0.5, 1.5, 500, 1.466, 0
5, Bubble, 1, 0, 32, 0.5, 1.5, 350, 0.94104, 0
5, Bubble, 1, 0, 32, 0.5, 1.5, 200, 1.23199, 0
5, Bubble, 1, 1, 48, 1, 2.5, 350, 1.27301, 0
5, Bubble, 1, 1, 48, 1, 2.5, 350, 0.811035, 0
5, Bubble, 1, 1, 48, 1, 2.5, 200, 1.14801, 0
5, Bubble, 1, 1, 48, 1, 2.5, 200, 1.06104, 0
5, Bubble, 1, 1, 48, 1, 2.5, 350, 1.26202, 0
5, Bubble, 1, 1, 48, 1, 2.5, 200, 1.29498, 0
5, Bubble, 1, 1, 48, 1, 2.5, 500, 1.06604, 0
5, Bubble, 1, 1, 48, 1, 2.5, 500, 1.12799, 0
5, Bubble, 1, 1, 48, 1, 2.5, 500, 1.25104, 0
5, Bubble, 1, 2, 48, 1, 1.5, 500, 1.35101, 0
5, Bubble, 1, 2, 48, 1, 1.5, 350, 1.09698, 0
5, Bubble, 1, 2, 48, 1, 1.5, 500, 1.06696, 0
5, Bubble, 1, 2, 48, 1, 1.5, 200, 1.177, 0
5, Bubble, 1, 2, 48, 1, 1.5, 200, 1.06799, 0
5, Bubble, 1, 2, 48, 1, 1.5, 350, 1.08301, 0
5, Bubble, 1, 2, 48, 1, 1.5, 500, 0.985962, 0
5, Bubble, 1, 2, 48, 1, 1.5, 200, 1.03302, 0
5, Bubble, 1, 2, 48, 1, 1.5, 350, 0.964966, 0
5, Bubble, 1, 3, 32, 0.5, 2.5, 350, 1.19995, 0
5, Bubble, 1, 3, 32, 0.5, 2.5, 200, 1.01208, 0
5, Bubble, 1, 3, 32, 0.5, 2.5, 200, 1.203, 0
5, Bubble, 1, 3, 32, 0.5, 2.5, 500, 2.16296, 1
5, Bubble, 1, 3, 32, 0.5, 2.5, 500, 1.57104, 0
5, Bubble, 1, 3, 32, 0.5, 2.5, 500, 1.69604, 0
5, Bubble, 1, 3, 32, 0.5, 2.5, 200, 1.28491, 0
5, Bubble, 1, 3, 32, 0.5, 2.5, 350, 0.911011, 0
5, Bubble, 1, 3, 32, 0.5, 2.5, 350, 1.31299, 0
5, Bubble, 1, 4, 32, 1, 2.5, 200, 0.950073, 0
5, Bubble, 1, 4, 32, 1, 2.5, 500, 1.41602, 0
5, Bubble, 1, 4, 32, 1, 2.5, 500, 1.15601, 0
5, Bubble, 1, 4, 32, 1, 2.5, 200, 1.64893, 0
5, Bubble, 1, 4, 32, 1, 2.5, 350, 1.43506, 0
5, Bubble, 1, 4, 32, 1, 2.5, 350, 1.18506, 0
5, Bubble, 1, 4, 32, 1, 2.5, 500, 1.29492, 0
5, Bubble, 1, 4, 32, 1, 2.5, 200, 1.02002, 0
5, Bubble, 1, 4, 32, 1, 2.5, 350, 1.16907, 0
5, Bubble, 1, 5, 48, 0.5, 1.5, 200, 1.43591, 0
5, Bubble, 1, 5, 48, 0.5, 1.5, 200, 1.22791, 0
5, Bubble, 1, 5, 48, 0.5, 1.5, 500, 1.6991, 0
5, Bubble, 1, 5, 48, 0.5, 1.5, 500, 1.38599, 0
5, Bubble, 1, 5, 48, 0.5, 1.5, 350, 1.41699, 0
5, Bubble, 1, 5, 48, 0.5, 1.5, 500, 1.03101, 0
5, Bubble, 1, 5, 48, 0.5, 1.5, 350, 0.869995, 0
5, Bubble, 1, 5, 48, 0.5, 1.5, 350, 1.04895, 0
5, Bubble, 1, 5, 48, 0.5, 1.5, 200, 0.822998, 0
5, Bubble, 1, 6, 32, 1, 1.5, 500, 1.28394, 0
5, Bubble, 1, 6, 32, 1, 1.5, 200, 1.06799, 0
5, Bubble, 1, 6, 32, 1, 1.5, 350, 1.11096, 0
5, Bubble, 1, 6, 32, 1, 1.5, 350, 1.28699, 0
5, Bubble, 1, 6, 32, 1, 1.5, 500, 1.20007, 0
5, Bubble, 1, 6, 32, 1, 1.5, 200, 1.29297, 0
5, Bubble, 1, 6, 32, 1, 1.5, 200, 1.10498, 0
5, Bubble, 1, 6, 32, 1, 1.5, 500, 1.48108, 0
5, Bubble, 1, 6, 32, 1, 1.5, 350, 0.934937, 0
5, Bubble, 1, 7, 48, 0.5, 2.5, 500, 1.15198, 0
5, Bubble, 1, 7, 48, 0.5, 2.5, 350, 0.898071, 0
5, Bubble, 1, 7, 48, 0.5, 2.5, 350, 0.776978, 0
5, Bubble, 1, 7, 48, 0.5, 2.5, 200, 0.799927, 0
5, Bubble, 1, 7, 48, 0.5, 2.5, 500, 1.31604, 0
5, Bubble, 1, 7, 48, 0.5, 2.5, 350, 1.18506, 0
5, Bubble, 1, 7, 48, 0.5, 2.5, 200, 0.863037, 0
5, Bubble, 1, 7, 48, 0.5, 2.5, 500, 0.97998, 0
5, Bubble, 1, 7, 48, 0.5, 2.5, 200, 0.842041, 0
5, Bubble, 2, 0, 32, 1, 1.5, 200, 1.32495, 0
5, Bubble, 2, 0, 32, 1, 1.5, 500, 1.22302, 0
5, Bubble, 2, 0, 32, 1, 1.5, 500, 1.18408, 0
5, Bubble, 2, 0, 32, 1, 1.5, 350, 1.04895, 0
5, Bubble, 2, 0, 32, 1, 1.5, 500, 1.45801, 0
5, Bubble, 2, 0, 32, 1, 1.5, 200, 1.05298, 0
5, Bubble, 2, 0, 32, 1, 1.5, 200, 0.883911, 0
5, Bubble, 2, 0, 32, 1, 1.5, 350, 1.22009, 0
5, Bubble, 2, 0, 32, 1, 1.5, 350, 1.15601, 0
5, Bubble, 2, 1, 32, 0.5, 1.5, 350, 1.78796, 0
5, Bubble, 2, 1, 32, 0.5, 1.5, 200, 1.047, 0
5, Bubble, 2, 1, 32, 0.5, 1.5, 350, 1.30298, 0
5, Bubble, 2, 1, 32, 0.5, 1.5, 200, 1.19397, 0
5, Bubble, 2, 1, 32, 0.5, 1.5, 500, 1.25708, 0
5, Bubble, 2, 1, 32, 0.5, 1.5, 500, 1.73792, 0
5, Bubble, 2, 1, 32, 0.5, 1.5, 200, 2.65491, 0
5, Bubble, 2, 1, 32, 0.5, 1.5, 350, 1.26794, 0
5, Bubble, 2, 1, 32, 0.5, 1.5, 500, 1.21802, 0
5, Bubble, 2, 2, 48, 1, 2.5, 200, 0.800049, 0
5, Bubble, 2, 2, 48, 1, 2.5, 200, 0.963013, 0
5, Bubble, 2, 2, 48, 1, 2.5, 500, 0.94104, 0
5, Bubble, 2, 2, 48, 1, 2.5, 350, 1.00793, 0
5, Bubble, 2, 2, 48, 1, 2.5, 500, 0.929077, 0
5, Bubble, 2, 2, 48, 1, 2.5, 500, 1.14502, 0
5, Bubble, 2, 2, 48, 1, 2.5, 350, 1.23291, 0
5, Bubble, 2, 2, 48, 1, 2.5, 350, 0.859009, 0
5, Bubble, 2, 2, 48, 1, 2.5, 200, 0.779053, 0
5, Bubble, 2, 3, 48, 0.5, 2.5, 500, 1.1991, 0
5, Bubble, 2, 3, 48, 0.5, 2.5, 200, 1.4209, 0
5, Bubble, 2, 3, 48, 0.5, 2.5, 350, 1.04602, 0
5, Bubble, 2, 3, 48, 0.5, 2.5, 500, 1.33398, 0
5, Bubble, 2, 3, 48, 0.5, 2.5, 200, 1.11194, 0
5, Bubble, 2, 3, 48, 0.5, 2.5, 500, 1.06506, 0
5, Bubble, 2, 3, 48, 0.5, 2.5, 350, 1.19299, 0
5, Bubble, 2, 3, 48, 0.5, 2.5, 200, 1.04407, 0
5, Bubble, 2, 3, 48, 0.5, 2.5, 350, 1.401, 0
5, Bubble, 2, 4, 48, 1, 1.5, 350, 1.25696, 0
5, Bubble, 2, 4, 48, 1, 1.5, 200, 1.19897, 0
5, Bubble, 2, 4, 48, 1, 1.5, 500, 1.10303, 0
5, Bubble, 2, 4, 48, 1, 1.5, 350, 1.03003, 0
5, Bubble, 2, 4, 48, 1, 1.5, 200, 0.958984, 0
5, Bubble, 2, 4, 48, 1, 1.5, 350, 1.35107, 0
5, Bubble, 2, 4, 48, 1, 1.5, 500, 1.22888, 0
5, Bubble, 2, 4, 48, 1, 1.5, 200, 0.894043, 0
5, Bubble, 2, 4, 48, 1, 1.5, 500, 0.958984, 0
5, Bubble, 2, 5, 32, 1, 2.5, 500, 1.44202, 0
5, Bubble, 2, 5, 32, 1, 2.5, 350, 0.87793, 0
5, Bubble, 2, 5, 32, 1, 2.5, 500, 1.35107, 0
5, Bubble, 2, 5, 32, 1, 2.5, 200, 1.30701, 0
5, Bubble, 2, 5, 32, 1, 2.5, 200, 1.505, 0
5, Bubble, 2, 5, 32, 1, 2.5, 200, 1.39099, 0
5, Bubble, 2, 5, 32, 1, 2.5, 500, 1.26599, 0
5, Bubble, 2, 5, 32, 1, 2.5, 350, 1.18396, 0
5, Bubble, 2, 5, 32, 1, 2.5, 350, 1.10303, 0
5, Bubble, 2, 6, 48, 0.5, 1.5, 200, 1.99609, 0
5, Bubble, 2, 6, 48, 0.5, 1.5, 500, 1.02698, 0
5, Bubble, 2, 6, 48, 0.5, 1.5, 200, 1.26697, 0
5, Bubble, 2, 6, 48, 0.5, 1.5, 350, 1.48096, 0
5, Bubble, 2, 6, 48, 0.5, 1.5, 350, 1.01099, 0
5, Bubble, 2, 6, 48, 0.5, 1.5, 350, 0.811035, 0
5, Bubble, 2, 6, 48, 0.5, 1.5, 200, 1.21692, 0
5, Bubble, 2, 6, 48, 0.5, 1.5, 500, 1.06299, 0
5, Bubble, 2, 6, 48, 0.5, 1.5, 500, 1.21301, 0
5, Bubble, 2, 7, 32, 0.5, 2.5, 500, 1.20203, 0
5, Bubble, 2, 7, 32, 0.5, 2.5, 350, 1.00903, 0
5, Bubble, 2, 7, 32, 0.5, 2.5, 200, 0.958008, 0
5, Bubble, 2, 7, 32, 0.5, 2.5, 200, 1.0249, 0
5, Bubble, 2, 7, 32, 0.5, 2.5, 500, 2.505, 0
5, Bubble, 2, 7, 32, 0.5, 2.5, 350, 1.604, 0
5, Bubble, 2, 7, 32, 0.5, 2.5, 200, 1.08301, 0
5, Bubble, 2, 7, 32, 0.5, 2.5, 500, 1.17004, 0
5, Bubble, 2, 7, 32, 0.5, 2.5, 350, 1.16699, 0
